Product Name, Price (Rs), Rating, No. of customer Review, Product Url 
,,,,,,,,
Fur Jaden Brown Textured Leatherette Stylish & Spacious Weekender Duffle Bag for Travel,899,4.3 out of 5 stars,"6,176",https://amazon.in//FUR-JADEN-Leatherette-Polypropylene-DUFF05/dp/B07M9BRCQ5/ref=sr_1_17?crid=2M096C61O4MLT&keywords=bags&qid=1688716530&sprefix=ba%2Caps%2C283&sr=8-17
,,,,,,,,
SAFARI 15 Ltrs Sea Blue Casual/School/College Backpack (DAYPACKNEO15CBSEB),248,4.0 out of 5 stars,"19,757",https://amazon.in//SAFARI-Ltrs-Casual-Backpack-DAYPACKNEO15CBSEB/dp/B07Q7CNPMV/ref=sr_1_18?crid=2M096C61O4MLT&keywords=bags&qid=1688716530&sprefix=ba%2Caps%2C283&sr=8-18,,,,
,,,,,,,,
"FUR JADEN Anti Theft Number Lock Backpack Bag with 15.6 Inch Laptop Compartment, USB Charging Port & Organizer Pocket for Men Women Boys Girls",679,4.0 out of 5 stars,"4,641",https://amazon.in//Number-Backpack-Compartment-Charging-Organizer/dp/B09VTCNN75/ref=sr_1_19?crid=2M096C61O4MLT&keywords=bags&qid=1688716530&sprefix=ba%2Caps%2C283&sr=8-19,,,,
,,,,,,,,
NORTH ZONE Casual Waterproof Laptop Backpack/Office Bag/School Bag/College Bag/Business Bag/Travel Backpack (Dimensions:13x18 inches) (Compatible with 39.62cm(15.6inch laptop) 30 L,569,4.0 out of 5 stars,427,https://amazon.in//NORTH-ZONE-Waterproof-Backpack-Dimensions/dp/B0BS6QQZYN/ref=sr_1_20?crid=2M096C61O4MLT&keywords=bags&qid=1688716530&sprefix=ba%2Caps%2C283&sr=8-20,,,,
,,,,,,,,
Gear CarryOn 16L Foldable Water Resistant School Bag//Backpack/College Bag for Men/Women - Blue Black,199,3.7 out of 5 stars,"6,688",https://amazon.in//GEAR-Black-Blue-Backpack-years/dp/B019HA8AYG/ref=sr_1_21?crid=2M096C61O4MLT&keywords=bags&qid=1688716530&sprefix=ba%2Caps%2C283&sr=8-21,,,,
,,,,,,,,
"Lenovo 15.6"" (39.62cm) Slim Everyday Backpack, Made in India, Compact, Water-resistant, Organized storage:Laptop sleeve,tablet pocket,front workstation,2-side pockets,Padded adjustable shoulder straps",570,4.4 out of 5 stars,"3,463",https://amazon.in//Lenovo-15-6-Inches-Everyday-Backpack/dp/B08R7RPVJF/ref=sr_1_22?crid=2M096C61O4MLT&keywords=bags&qid=1688716530&sprefix=ba%2Caps%2C283&sr=8-22,,,,
,,,,,,,,
"Safari Flash Casual Backpack, 26 ltr Water Resistant Travel Bags| Weight Polyester Bagpack for Men and Women, Spacious Shoulder Bag for College, Office, Travelling and Camping",799,3.8 out of 5 stars,"2,895",https://amazon.in//Safari-Backpack-Resistant-Polyester-Travelling/dp/B09B29F66W/ref=sr_1_23?crid=2M096C61O4MLT&keywords=bags&qid=1688716530&sprefix=ba%2Caps%2C283&sr=8-23,,,,
,,,,,,,,
Lavie Sport Lino Large Size 63 cms Wheel Duffle Bag for Travel | Travel Bag with Trolley,"1,049",4.0 out of 5 stars,"7,900",https://amazon.in//Lavie-Sport-Duffle-Luggage-Trolley/dp/B097RJ22Q3/ref=sr_1_24?crid=2M096C61O4MLT&keywords=bags&qid=1688716530&sprefix=ba%2Caps%2C283&sr=8-24,,,,
,,,,,,,,
"American Tourister VALEX BLUE LAPTOP BACKPACK 28 Ltrs,Volume, LAPTOP COMPARTMENT, BOTTLE POCKET, FRONT ORGANIZER","1,399",4.3 out of 5 stars,422,https://amazon.in//American-Tourister-BACKPACK-COMPARTMENT-ORGANIZER/dp/B0BTD4FK9G/ref=sr_1_25?crid=2M096C61O4MLT&keywords=bags&qid=1688716530&sprefix=ba%2Caps%2C283&sr=8-25,,,,
,,,,,,,,
Northzone Lightweight school bags Backpacks for Boys Girls Stylish men and women Casual Travel Laptop Bag College office (Black) 40L,426,3.9 out of 5 stars,101,https://amazon.in//NORTH-ZONE-Lightweight-Backpacks-Stylish/dp/B0BL3TVDK6/ref=sr_1_26?crid=2M096C61O4MLT&keywords=bags&qid=1688716530&sprefix=ba%2Caps%2C283&sr=8-26,,,,
,,,,,,,,
URBAN CARRIER School Bag For girls school bags for boys Class 5-10 Large 4 partition 45 L Laptop Collage Office Travel Unisex Backpack,431,3.6 out of 5 stars,860,https://amazon.in//School-school-partition-Collage-Backpack/dp/B09NNYCQ1Q/ref=sr_1_27?crid=2M096C61O4MLT&keywords=bags&qid=1688716530&sprefix=ba%2Caps%2C283&sr=8-27,,,,
,,,,,,,,
"WILDHORN 31L Laptop Backpack for Men/Women I Fits upto 15.6"" Laptop I Waterproof I Travel/Business/College Bookbags",599,4.0 out of 5 stars,"1,392",https://amazon.in//WILDHORN-Backpack-Compartment-Business-Stitching/dp/B09QL66G55/ref=sr_1_28?crid=2M096C61O4MLT&keywords=bags&qid=1688716530&sprefix=ba%2Caps%2C283&sr=8-28,,,,
,,,,,,,,
ADISA 32 Ltrs Water Resistant Casual Travel Bagpack/College Backpack/School Office Bag for Men and Women,499,4.0 out of 5 stars,"3,978",https://amazon.in//ADISA-BP010-Weight-Casual-Backpack/dp/B07MXL986B/ref=sr_1_29?crid=2M096C61O4MLT&keywords=bags&qid=1688716530&sprefix=ba%2Caps%2C283&sr=8-29,,,,
,,,,,,,,
Martucci 15.6 inch 30 L Casual Waterproof Laptop Backpack/Office Bag/School Bag/College Bag/Business Bag/Unisex Travel Backpack(Black),549,3.9 out of 5 stars,"7,614",https://amazon.in//Martucci-Casual-Travelling-Laptop-Backpack/dp/B088B4P6ZW/ref=sr_1_30?crid=2M096C61O4MLT&keywords=bags&qid=1688716530&sprefix=ba%2Caps%2C283&sr=8-30,,,,
,,,,,,,,
"POLESTAR Vintage 15.6 inch 32 LTR Casual Laptop Backpack/Office Bag/School Bag/College Bag/Business Bag/Unisex Backpack, Water Resistant and Light Weight, 1 year Warranty",549,3.9 out of 5 stars,"8,966",https://amazon.in//POLESTAR-Vintage-Laptop-Backpack-bagpack/dp/B081GSQ9D9/ref=sr_1_31?crid=2M096C61O4MLT&keywords=bags&qid=1688716530&sprefix=ba%2Caps%2C283&sr=8-31,,,,
,,,,,,,,
"Wesley Unisex Milestone Casual Waterproof Laptop Office School College Business Travel Backpack 25 L (Dimensions: 12.5x18 inches) (Compatible with 15.6 inch laptops), Navy Blue",448,4.3 out of 5 stars,"12,999",https://amazon.in//Wesley-Milestone-Waterproof-Backpack-Business/dp/B07K8KLB3P/ref=sr_1_32?crid=2M096C61O4MLT&keywords=bags&qid=1688716530&sprefix=ba%2Caps%2C283&sr=8-32,,,,
,,,,,,,,
NORTH ZONE Lightweight school bags Backpacks for Boys Girls Stylish men and women Casual Travel Laptop Bag College office,495,3.9 out of 5 stars,791,https://amazon.in//NORTH-ZONE-Lightweight-Backpacks-Stylish/dp/B0BL3SPN16/ref=sr_1_33?crid=2M096C61O4MLT&keywords=bags&qid=1688716535&sprefix=ba%2Caps%2C283&sr=8-33,,,,
,,,,,,,,
ADISA Light Weight Laptop Backpack 32 Ltrs,499,4.0 out of 5 stars,"5,968",https://amazon.in//ADISA-BP005-Weight-Casual-Backpack/dp/B07F3X45WZ/ref=sr_1_34?crid=2M096C61O4MLT&keywords=bags&qid=1688716535&sprefix=ba%2Caps%2C283&sr=8-34,,,,
,,,,,,,,
"Safari Quill Laptop Backpack 26 Ltrs Water Resistant Fabric - Blue, L (QUILL19CBBLU)",899,4.0 out of 5 stars,682,https://amazon.in//Safari-Laptop-Backpack-Resistant-Fabric/dp/B09B28TKLG/ref=sr_1_35?crid=2M096C61O4MLT&keywords=bags&qid=1688716535&sprefix=ba%2Caps%2C283&sr=8-35,,,,
,,,,,,,,
"Mi Step Out 12 L Mini Backpack (Small Size, Black, Water Repellant)",349,4.1 out of 5 stars,"9,323",https://amazon.in//Backpack-Small-Black-Water-Repellant/dp/B088XB5XY8/ref=sr_1_36?crid=2M096C61O4MLT&keywords=bags&qid=1688716535&sprefix=ba%2Caps%2C283&sr=8-36,,,,
,,,,,,,,
ADISA 31 Ltrs Casual Backpack School College Bag Pack (Navy Blue),399,3.8 out of 5 stars,98,https://amazon.in//ADISA-Casual-Backpack-School-College/dp/B0BX3QFVSM/ref=sr_1_37?crid=2M096C61O4MLT&keywords=bags&qid=1688716535&sprefix=ba%2Caps%2C283&sr=8-37,,,,
,,,,,,,,
DEIN KLEIDER Men's Nylon Messenger Bag,349,4.0 out of 5 stars,"5,046",https://amazon.in//Kleider-Travel-Business-Messenger-Shoulder/dp/B084ZHP97M/ref=sr_1_38?crid=2M096C61O4MLT&keywords=bags&qid=1688716535&sprefix=ba%2Caps%2C283&sr=8-38,,,,
,,,,,,,,
"Storite Dust & Rain Cover for Backpack with Pouch, Waterproof Dustproof Rain Cover Bag Elastic Adjustable for School, College,Office, Trekking Bags (30L-35L,Black)",189,5.0 out of 5 stars,1,https://amazon.in//Storite-Backpack-Waterproof-Dustproof-Adjustable/dp/B0C7ZWNBJZ/ref=sr_1_39?crid=2M096C61O4MLT&keywords=bags&qid=1688716535&sprefix=ba%2Caps%2C283&sr=8-39,,,,
,,,,,,,,
"TRUE HUMAN® EMPEROR 15.6 inch laptop bag with USB charging port Laptop bag,office bag, college bags anti theft (CAPTAIN)",649,5.0 out of 5 stars,3,https://amazon.in//TRUE-EMPEROR-charging-college-CAPTAIN/dp/B0C6HZDWRQ/ref=sr_1_40?crid=2M096C61O4MLT&keywords=bags&qid=1688716535&sprefix=ba%2Caps%2C283&sr=8-40,,,,
,,,,,,,,
Gear Vintage2 28L Faux Leather Water Resistant Anti Theft Laptop Bag/Backpack for Men/Women-Brown,988,4.4 out of 5 stars,"4,269",https://amazon.in//Gear-Vintage2-Leather-Backpack-LBPVG2LTH0201/dp/B07G4D13L7/ref=sr_1_41?crid=2M096C61O4MLT&keywords=bags&qid=1688716535&sprefix=ba%2Caps%2C283&sr=8-41,,,,
,,,,,,,,
ADISA 32L Large Laptop Backpack Office Bag College Travel Back Pack with rain Cover (Grey),599,3.8 out of 5 stars,223,https://amazon.in//ADISA-Laptop-Backpack-Office-College/dp/B0BPVLXD53/ref=sr_1_42?crid=2M096C61O4MLT&keywords=bags&qid=1688716535&sprefix=ba%2Caps%2C283&sr=8-42,,,,
,,,,,,,,
Half Moon Large 37L Laptop Bag Backpack for menं Women Boys and Girls Luggage Travel Bags with 17.3 inches Laptop Compartment & Rain Cover,849,3.9 out of 5 stars,"3,076",https://amazon.in//Half-Moon-Backpack-Luggage-Compartment/dp/B09VCLZ3K4/ref=sr_1_43?crid=2M096C61O4MLT&keywords=bags&qid=1688716535&sprefix=ba%2Caps%2C283&sr=8-43,,,,
,,,,,,,,
"Genie Glitter Backpack for Women - 3 compartments, Laptop Bags for Girls, Stylish and Trendy College Backpacks for Girls, Water Resistant and Lightweight Bags for Office and Travelling Purpose.",,4.3 out of 5 stars,851,https://amazon.in//Genie-Glitter-Backpack-Women-compartments/dp/B097JHQH13/ref=sr_1_44?crid=2M096C61O4MLT&keywords=bags&qid=1688716535&sprefix=ba%2Caps%2C283&sr=8-44,,,,
,,,,,,,,
"Safari Quill Laptop Backpack 26 Ltrs Water Resistant Fabric - Black, L (QUILL19CBBLK)",899,3.9 out of 5 stars,936,https://amazon.in//Safari-Laptop-Backpack-Resistant-Fabric/dp/B09B25Z8M2/ref=sr_1_45?crid=2M096C61O4MLT&keywords=bags&qid=1688716535&sprefix=ba%2Caps%2C283&sr=8-45,,,,
,,,,,,,,
Wesley Milestone 15.6 inch 25 L Casual Waterproof Laptop Backpack/Office Bag/School Bag/College Bag/Business Bag/Unisex Travel Backpack,448,4.3 out of 5 stars,"12,999",https://amazon.in//Wesley-Milestone-Waterproof-Backpack-Business/dp/B07PLKV6D1/ref=sr_1_46?crid=2M096C61O4MLT&keywords=bags&qid=1688716535&sprefix=ba%2Caps%2C283&sr=8-46,,,,
,,,,,,,,
"Safari Spartan 21 Ltrs Water Resistant Backpack - Teal, S (SPARTAN19CBTEA)",599,3.8 out of 5 stars,850,https://amazon.in//Safari-Spartan-Water-Resistant-Backpack/dp/B09B277CR5/ref=sr_1_47?crid=2M096C61O4MLT&keywords=bags&qid=1688716535&sprefix=ba%2Caps%2C283&sr=8-47,,,,
,,,,,,,,
Arctic Fox 15 Liters Draw String Bag Lavender Backpack,229,4.3 out of 5 stars,"3,339",https://amazon.in//Arctic-Fox-Liters-String-Backpack/dp/B08L6Q9V1H/ref=sr_1_48?crid=2M096C61O4MLT&keywords=bags&qid=1688716535&sprefix=ba%2Caps%2C283&sr=8-48,,,,
,,,,,,,,
"STRABO Cooper for Boys Girls Stylish Men and Women Casual 15"" inch 25L CANVAS Laptop BACKPACK | Office, College, Travel Bag",699,4.3 out of 5 stars,40,https://amazon.in//STRABO-Cooper-Laptop-Bag-Capacity/dp/B0BX9SVT1D/ref=sr_1_49?crid=2M096C61O4MLT&keywords=bags&qid=1688716537&sprefix=ba%2Caps%2C283&sr=8-49,,,,
,,,,,,,,
Wesley Milestone 15.6 inch 25 L Casual Waterproof Laptop Backpack/Office Bag/School Bag/College Bag/Business Bag/Unisex Travel Backpack,448,4.3 out of 5 stars,"12,999",https://amazon.in//Wesley-Milestone-Waterproof-Backpack-Business/dp/B07PLKV6D1/ref=sr_1_50?crid=2M096C61O4MLT&keywords=bags&qid=1688716537&sprefix=ba%2Caps%2C283&sr=8-50,,,,
,,,,,,,,
NORTH ZONE Casual Waterproof Laptop Backpack/Office Bag/School Bag/College Bag/Business Bag/Travel Backpack (Dimensions:13x18 inches) (Compatible with 39.62cm(15.6inch laptop) 30 L,569,4.0 out of 5 stars,427,https://amazon.in//NORTH-ZONE-Waterproof-Backpack-Dimensions/dp/B0BS6QM2GD/ref=sr_1_51?crid=2M096C61O4MLT&keywords=bags&qid=1688716537&sprefix=ba%2Caps%2C283&sr=8-51,,,,
,,,,,,,,
HEROZ Hammer Unisex Nylon 45 L Travel Laptop Backpack Water Resistant Slim Durable Fits Up to 17.3 Inch Laptop Notebook (All) (Grey & Black),"1,359",4.3 out of 5 stars,"7,987",https://amazon.in//HEROZ-Hammer-Durable-Travel-Laptop/dp/B07MGDFT9C/ref=sr_1_52?crid=2M096C61O4MLT&keywords=bags&qid=1688716537&sprefix=ba%2Caps%2C283&sr=8-52,,,,
,,,,,,,,
"Safari Spartan 21 Ltrs Water Resistant Backpack - Teal, S (SPARTAN19CBTEA)",599,3.8 out of 5 stars,850,https://amazon.in//Safari-Spartan-Water-Resistant-Backpack/dp/B09B277CR5/ref=sr_1_53?crid=2M096C61O4MLT&keywords=bags&qid=1688716537&sprefix=ba%2Caps%2C283&sr=8-53,,,,
,,,,,,,,
Zipline Unisex Casual Polyester 36 L Backpack School Bag Women Men Boys Girls Children Daypack College Bag Book School Sports Bag,843,3.7 out of 5 stars,904,https://amazon.in//Zipline-Nexa-Resistant-Bagpack-Backpack/dp/B08WQ668WJ/ref=sr_1_54?crid=2M096C61O4MLT&keywords=bags&qid=1688716537&sprefix=ba%2Caps%2C283&sr=8-54,,,,
,,,,,,,,
NIVIA Beast Gym Bag-4 Polyester/Unisex Gym Bags/Shoulder Bag for Men & Women with Separate Shoes Compartment/Carry Gym Accessories/Fitness Bag/Sports & Travel Bag/Sports Kit,489,4.2 out of 5 stars,"3,409",https://amazon.in//Nivia-5183-Polyester-Duffle-Medium/dp/B071KNXQ7Y/ref=sr_1_55?crid=2M096C61O4MLT&keywords=bags&qid=1688716537&sprefix=ba%2Caps%2C283&sr=8-55,,,,
,,,,,,,,
F Gear Luxur Brown 25 liter Laptop Backpack (2404),"1,099",4.4 out of 5 stars,"16,898",https://amazon.in//F-Gear-Luxur-Brown-Backpack/dp/B01F7AX9ZA/ref=sr_1_56?crid=2M096C61O4MLT&keywords=bags&qid=1688716537&sprefix=ba%2Caps%2C283&sr=8-56,,,,
,,,,,,,,
URBAN CARRIER School Bag For girls school bags for boys Class 5-10 Large 4 partition 45 L Laptop Collage Office Travel Unisex Backpack,431,3.6 out of 5 stars,860,https://amazon.in//School-school-partition-Collage-Backpack/dp/B09NNYCQ1Q/ref=sr_1_57?crid=2M096C61O4MLT&keywords=bags&qid=1688716537&sprefix=ba%2Caps%2C283&sr=8-57,,,,
,,,,,,,,
"Veneer Medium 20 L Laptop Backpack Men Womens Girls Fashion PU Leather Mini Casual Backpack Bags for School, College, Tuition, Office Bag",998,4.2 out of 5 stars,909,https://amazon.in//Veneer-Backpack-Fashion-Leather-College/dp/B09BMG8R6Y/ref=sr_1_58?crid=2M096C61O4MLT&keywords=bags&qid=1688716537&sprefix=ba%2Caps%2C283&sr=8-58,,,,
,,,,,,,,
F Gear Colorado Grey Orange 39 Ltrs Laptop Backpack (3814),895,4.2 out of 5 stars,196,https://amazon.in//Gear-Colorado-Orange-Laptop-Backpack/dp/B097K6KD7W/ref=sr_1_59?crid=2M096C61O4MLT&keywords=bags&qid=1688716537&sprefix=ba%2Caps%2C283&sr=8-59,,,,
,,,,,,,,
FUR JADEN Anti Theft Backpack 15.6 Inch Laptop Bag with USB Charging Port For Men Women Boys Girls,839,4.0 out of 5 stars,"13,806",https://amazon.in//Fur-Jaden-Black-Waterproof-Backpack/dp/B078GLXMDY/ref=sr_1_60?crid=2M096C61O4MLT&keywords=bags&qid=1688716537&sprefix=ba%2Caps%2C283&sr=8-60,,,,
,,,,,,,,
Gear Casual Backpack,399,3.8 out of 5 stars,"2,196",https://amazon.in//Gear-Black-Casual-Backpack-MDBKPECO50104/dp/B0757MBSS6/ref=sr_1_61?crid=2M096C61O4MLT&keywords=bags&qid=1688716537&sprefix=ba%2Caps%2C283&sr=8-61,,,,
,,,,,,,,
Gear Polyester 23 Cms Travel Duffle Bag (Black),479,4.3 out of 5 stars,"2,156",https://amazon.in//Gear-Training-Travel-Black-Grey-DUFCRSTNG0104/dp/B098FFTDKT/ref=sr_1_62?crid=2M096C61O4MLT&keywords=bags&qid=1688716537&sprefix=ba%2Caps%2C283&sr=8-62,,,,
,,,,,,,,
"FATMUG Laptop Bag For Men - Convertible Backpack For Office And Travel (Dark Grey,Oxford Fabric)","1,599",4.4 out of 5 stars,"2,084",https://amazon.in//FATMUG-Laptop-Bag-Men-Convertible/dp/B084LF4RT5/ref=sr_1_63?crid=2M096C61O4MLT&keywords=bags&qid=1688716537&sprefix=ba%2Caps%2C283&sr=8-63,,,,
,,,,,,,,
LOOKMUSTER (15.6 inch 30 L Casual Waterproof Laptop Backpack/Office Bag/School Bag/College Bag/Business Bag/Unisex Travel Backpack,439,4.1 out of 5 stars,22,https://amazon.in//LOOKMUSTER-Waterproof-Backpack-College-Business/dp/B0BZW8KW18/ref=sr_1_64?crid=2M096C61O4MLT&keywords=bags&qid=1688716537&sprefix=ba%2Caps%2C283&sr=8-64,,,,
,,,,,,,,
Gear Polyester 23 Cms Travel Duffle Bag (Black),479,4.3 out of 5 stars,"2,156",https://amazon.in//Gear-Training-Travel-Black-Grey-DUFCRSTNG0104/dp/B098FFTDKT/ref=sr_1_65?crid=2M096C61O4MLT&keywords=bags&qid=1688716543&sprefix=ba%2Caps%2C283&sr=8-65,,,,
,,,,,,,,
MI Business Casual 21L Water Resistant Laptop Backpack,949,4.4 out of 5 stars,"4,484",https://amazon.in//Mi-Business-Casual-Resistant-Backpack/dp/B07YY6PTMN/ref=sr_1_66?crid=2M096C61O4MLT&keywords=bags&qid=1688716543&sprefix=ba%2Caps%2C283&sr=8-66,,,,
,,,,,,,,
"FATMUG Laptop Bag For Men - Convertible Backpack For Office And Travel (Dark Grey,Oxford Fabric)","1,599",4.4 out of 5 stars,"2,084",https://amazon.in//FATMUG-Laptop-Bag-Men-Convertible/dp/B084LF4RT5/ref=sr_1_67?crid=2M096C61O4MLT&keywords=bags&qid=1688716543&sprefix=ba%2Caps%2C283&sr=8-67,,,,
,,,,,,,,
"Safari Tribe 35 Ltrs Large Laptop Backpack with 3 Compartments, Water Resistant Fabric - Black (TRIBE19CBBLK)","1,099",3.8 out of 5 stars,"1,577",https://amazon.in//Safari-Laptop-Backpack-Compartments-Resistant/dp/B09B27S9SG/ref=sr_1_68?crid=2M096C61O4MLT&keywords=bags&qid=1688716543&sprefix=ba%2Caps%2C283&sr=8-68,,,,
,,,,,,,,
Gear Classic 20L Faux Leather Water Resistant Anti Theft Laptop Bag/Backpack for Men/Women-Tan,981,4.4 out of 5 stars,"2,466",https://amazon.in//Classic-Leather-Laptop-Backpack-LBPCLSLTH1901/dp/B07G4CYC74/ref=sr_1_69?crid=2M096C61O4MLT&keywords=bags&qid=1688716543&sprefix=ba%2Caps%2C283&sr=8-69,,,,
,,,,,,,,
Gear Turbo 45L Expandable Water Resistant Antitheft Laptop Bag/Backpack/Briefcase For Men/Women With Raincover (Grey),"1,794",4.4 out of 5 stars,"1,016",https://amazon.in//Gear-Expandable-RainCover-Grey-Black-TLPTURBO00401/dp/B097KDRZ67/ref=sr_1_70?crid=2M096C61O4MLT&keywords=bags&qid=1688716543&sprefix=ba%2Caps%2C283&sr=8-70,,,,
,,,,,,,,
Bagneeds Men's Black Synthetic Leather Briefcase Best Laptop Messenger Bag Satchel for Men,749,4.1 out of 5 stars,"4,425",https://amazon.in//Bagneeds-Synthetic-Leather-Briefcase-Messenger/dp/B0855F8174/ref=sr_1_71?crid=2M096C61O4MLT&keywords=bags&qid=1688716543&sprefix=ba%2Caps%2C283&sr=8-71,,,,
,,,,,,,,
"Fur Jaden 15.6 Inch Laptop Backpack 25 LTR Bag for School, College and Office with USB Charging Port",479,3.9 out of 5 stars,"10,260",https://amazon.in//Casual-Backpack-Charging-Laptop-Compartment/dp/B07J46KLFP/ref=sr_1_72?crid=2M096C61O4MLT&keywords=bags&qid=1688716543&sprefix=ba%2Caps%2C283&sr=8-72,,,,
,,,,,,,,
"Mi Step Out 12 L Mini Backpack (Small Size, Dark Blue, Water Repellant)",249,4.1 out of 5 stars,"9,323",https://amazon.in//Step-Backpack-Small-Water-Repellant/dp/B088XH1BP7/ref=sr_1_73?crid=2M096C61O4MLT&keywords=bags&qid=1688716543&sprefix=ba%2Caps%2C283&sr=8-73,,,,
,,,,,,,,
"Genie Iridescence School Bag for Girls, 17 inch Backpack for Women, 3 compartments Water Resistant Stylish and Trendy College Backpacks for Girls",899,4.0 out of 5 stars,"3,213",https://amazon.in//Genie-Iridescence-Multicolor-Backpack-Resistant/dp/B084VQLJL8/ref=sr_1_74?crid=2M096C61O4MLT&keywords=bags&qid=1688716543&sprefix=ba%2Caps%2C283&sr=8-74,,,,
,,,,,,,,
Zipline Unisex casual polyester 36 L Backpack School Bag Women Men Boys Girls children Daypack College Bag Book School Sports Bag Weekend Bag,843,4.0 out of 5 stars,"5,922",https://amazon.in//ZIPLINE-Polyester-Backpack-Children-Daypack/dp/B07XVMVV77/ref=sr_1_75?crid=2M096C61O4MLT&keywords=bags&qid=1688716543&sprefix=ba%2Caps%2C283&sr=8-75,,,,
,,,,,,,,
Trajectory 15.6 Inch Vegan Leather Messenger Laptop bag for men in Office for all laptop like Apple MacBook with 2 Years Warranty and Spacious Multiple Compartment with Expandable Bottom Used as Shoulder and Handbag for Men,"1,399",4.2 out of 5 stars,451,https://amazon.in//Trajectory-Elegant-15-6-Laptop-Office/dp/B09RK6NCGC/ref=sr_1_76?crid=2M096C61O4MLT&keywords=bags&qid=1688716543&sprefix=ba%2Caps%2C283&sr=8-76,,,,
,,,,,,,,
KIM BAG HOUSE 34 Ltrs H-P Bags Casual Waterproof Laptop Bag/Backpack for Men Women Boys Girls/Office School College Teens & Students,349,5.0 out of 5 stars,1,https://amazon.in//KIM-BAG-HOUSE-H-P-Bags/dp/B0C957FDH6/ref=sr_1_77?crid=2M096C61O4MLT&keywords=bags&qid=1688716543&sprefix=ba%2Caps%2C283&sr=8-77,,,,
,,,,,,,,
"Fur Jaden 15.6 Inch Laptop Backpack 25 LTR Bag for School, College and Office with USB Charging Port",479,3.9 out of 5 stars,"10,260",https://amazon.in//Fur-Jaden-Charging-Waterproof-BM36_BlueZip/dp/B07MXM5M99/ref=sr_1_78?crid=2M096C61O4MLT&keywords=bags&qid=1688716543&sprefix=ba%2Caps%2C283&sr=8-78,,,,
,,,,,,,,
"Storite Nylon 47 Cm Travel Duffle Bag, Sports Shoulder Bag for Women with Wet Pocket Weekender Overnight Luggage Bag - (Pink, 47 x 16 x 30 Cm)","1,299",4.3 out of 5 stars,413,https://amazon.in//Storite-Travel-Bag-Women-Weekender/dp/B0B3JH6K9B/ref=sr_1_79?crid=2M096C61O4MLT&keywords=bags&qid=1688716543&sprefix=ba%2Caps%2C283&sr=8-79,,,,
,,,,,,,,
Gear Cross Training 22L Water Resistant Travel Duffle Bag/Gym Bag for Men/Women - Grey Orange,468,4.2 out of 5 stars,"16,519",https://amazon.in//Gear-Polyester-Travel-Duffle-DUFCRSTNG0406/dp/B075MMWRW6/ref=sr_1_80?crid=2M096C61O4MLT&keywords=bags&qid=1688716543&sprefix=ba%2Caps%2C283&sr=8-80,,,,
,,,,,,,,
"Mi Step Out 12 L Mini Backpack (Small Size, Dark Blue, Water Repellant)",249,4.1 out of 5 stars,"9,323",https://amazon.in//Step-Backpack-Small-Water-Repellant/dp/B088XH1BP7/ref=sr_1_81?crid=2M096C61O4MLT&keywords=bags&qid=1688716545&sprefix=ba%2Caps%2C283&sr=8-81,,,,
,,,,,,,,
Bennett™ Mystic 15.6 inch (39.6cm) Laptop Briefcase Shoulder Sling Office Business Professional Travel Messenger Bag for Men and Women Water Repellent Formal Executive Bags (Grey) 6 Months Warranty,512,4.0 out of 5 stars,"6,061",https://amazon.in//BennettTM-Mystic-Shoulder-Messenger-Repellent/dp/B09321GJXZ/ref=sr_1_82?crid=2M096C61O4MLT&keywords=bags&qid=1688716545&sprefix=ba%2Caps%2C283&sr=8-82,,,,
,,,,,,,,
KIM BAG HOUSE 34 Ltrs H-P Bags Casual Waterproof Laptop Bag/Backpack for Men Women Boys Girls/Office School College Teens & Students,349,5.0 out of 5 stars,1,https://amazon.in//KIM-BAG-HOUSE-H-P-Bags/dp/B0C957FDH6/ref=sr_1_83?crid=2M096C61O4MLT&keywords=bags&qid=1688716545&sprefix=ba%2Caps%2C283&sr=8-83,,,,
,,,,,,,,
"Fur Jaden 15.6 Inch Laptop Backpack 25 LTR Bag for School, College and Office with USB Charging Port",479,3.9 out of 5 stars,"10,260",https://amazon.in//Fur-Jaden-Charging-Waterproof-BM36_BlueZip/dp/B07MXM5M99/ref=sr_1_84?crid=2M096C61O4MLT&keywords=bags&qid=1688716545&sprefix=ba%2Caps%2C283&sr=8-84,,,,
,,,,,,,,
Gear Cross Training 22L Water Resistant Travel Duffle Bag/Gym Bag for Men/Women - Grey Orange,468,4.2 out of 5 stars,"16,519",https://amazon.in//Gear-Polyester-Travel-Duffle-DUFCRSTNG0406/dp/B075MMWRW6/ref=sr_1_85?crid=2M096C61O4MLT&keywords=bags&qid=1688716545&sprefix=ba%2Caps%2C283&sr=8-85,,,,
,,,,,,,,
Wesley Milestone 15.6 inch 25 L Casual Waterproof Laptop Backpack/Office Bag/School Bag/College Bag/Business Bag/Unisex Travel Backpack (Black),448,4.3 out of 5 stars,"12,999",https://amazon.in//Wesley-Milestone-Waterproof-Backpack-Business/dp/B07NJRPJ6Q/ref=sr_1_86?crid=2M096C61O4MLT&keywords=bags&qid=1688716545&sprefix=ba%2Caps%2C283&sr=8-86,,,,
,,,,,,,,
"Wooum Crossbody Sling Bag - Durable Shoulder Bag with Adjustable Strap One Side Bag for Commuting Travel Outdoor Activities Cycling - Sling Bag Travel Hiking Chest Bag Daypack – Colour Black-Grey – (Pack of 1 Bag) - Unisex Cross Body Backpack for Travel, College, Tuition",329,3.8 out of 5 stars,8,https://amazon.in//Wooum-Crossbody-Sling-Bag-Adjustable/dp/B0C1K59WV5/ref=sr_1_87?crid=2M096C61O4MLT&keywords=bags&qid=1688716545&sprefix=ba%2Caps%2C283&sr=8-87,,,,
,,,,,,,,
ADISA Large Laptop Backpack Office Bag College Travel Back Pack with USB (Black),499,3.9 out of 5 stars,67,https://amazon.in//ADISA-Laptop-Backpack-Office-College/dp/B0BXQZ6Q85/ref=sr_1_88?crid=2M096C61O4MLT&keywords=bags&qid=1688716545&sprefix=ba%2Caps%2C283&sr=8-88,,,,
,,,,,,,,
"AirCase Laptop Bag Backpack Case Pouch for Laptop Backpack for Men & Women,Premium Vegan Leather",929,3.8 out of 5 stars,839,https://amazon.in//AirCase-C34-Laptop-Backpack-Women/dp/B07QN4KXWG/ref=sr_1_89?crid=2M096C61O4MLT&keywords=bags&qid=1688716545&sprefix=ba%2Caps%2C283&sr=8-89,,,,
,,,,,,,,
creeper Women's Leather Large Capacity Shoulder Bags,438,3.7 out of 5 stars,816,https://amazon.in//Creeper-Womens-Leather-Capacity-Shoulder/dp/B09HCWSDPB/ref=sr_1_90?crid=2M096C61O4MLT&keywords=bags&qid=1688716545&sprefix=ba%2Caps%2C283&sr=8-90,,,,
,,,,,,,,
"POLESTAR Noble 32 L Bag for College, School, Office, Casual Multipurpose Backpack with 15.6"" Laptop Compartment, Water Resistant, Unisex Design, Stylish & Durable, 1 Year Warranty",579,4.0 out of 5 stars,"17,664",https://amazon.in//POLESTAR-Casual-bagpack-School-Backpack/dp/B07PQQ8M7B/ref=sr_1_91?crid=2M096C61O4MLT&keywords=bags&qid=1688716545&sprefix=ba%2Caps%2C283&sr=8-91,,,,
,,,,,,,,
Bennett™ Mystic Formal Business Briefcase Bag Crossbody Messenger College Bags For Men Women MacBook INoteBook ITablet Laptop Upto 15.6 Inch | Handbags with Shoulder Straps (Blue) 6 Months Warranty,512,4.0 out of 5 stars,"6,061",https://amazon.in//Bennett-Mystic-Shoulder-Messenger-Repellent/dp/B08X2T2M8G/ref=sr_1_92?crid=2M096C61O4MLT&keywords=bags&qid=1688716545&sprefix=ba%2Caps%2C283&sr=8-92,,,,
,,,,,,,,
LOOKMUSTER Casual Waterproof Laptop Backpack/Office Bag/School Bag/College Bag/Business Bag/Travel Backpack…,494,3.9 out of 5 stars,32,https://amazon.in//LOOKMUSTER-Waterproof-Backpack-College-Business/dp/B0BS6YGKMC/ref=sr_1_93?crid=2M096C61O4MLT&keywords=bags&qid=1688716545&sprefix=ba%2Caps%2C283&sr=8-93,,,,
,,,,,,,,
ADISA 32L Large Laptop Backpack Office Bag College Travel Back Pack with rain Cover (Green),599,3.8 out of 5 stars,223,https://amazon.in//ADISA-Laptop-Backpack-Office-College/dp/B0BPVCBFM7/ref=sr_1_94?crid=2M096C61O4MLT&keywords=bags&qid=1688716545&sprefix=ba%2Caps%2C283&sr=8-94,,,,
,,,,,,,,
TRUE HUMAN Anti-Theft and USB charging port backpack with security lock Laptop bag|office bag| for men and women (Grey),649,3.8 out of 5 stars,"1,826",https://amazon.in//TRUE-HUMAN-Anti-Theft-charging-combination/dp/B09H7PK5ML/ref=sr_1_95?crid=2M096C61O4MLT&keywords=bags&qid=1688716545&sprefix=ba%2Caps%2C283&sr=8-95,,,,
,,,,,,,,
Wesley Ignite Casual Waterproof Laptop Backpack/Office Bag/School Bag/College Bag/Business Bag/Travel Backpack (Dimensions:13x18.5 inches) (Compatible with 39.62cm(15.6inch laptop),499,4.2 out of 5 stars,45,https://amazon.in//Wesley-Waterproof-Backpack-Business-Dimensions/dp/B0BMQ4D59H/ref=sr_1_96?crid=2M096C61O4MLT&keywords=bags&qid=1688716545&sprefix=ba%2Caps%2C283&sr=8-96,,,,
,,,,,,,,
Skybags Unisex Grey Jacqard 34L Laptop Bags,"1,009",3.8 out of 5 stars,54,https://amazon.in//Skybags-Unisex-Grey-Jacqard-Laptop/dp/B09ZV9SLBJ/ref=sr_1_97?crid=2M096C61O4MLT&keywords=bags&qid=1688716547&sprefix=ba%2Caps%2C283&sr=8-97,,,,
,,,,,,,,
Asus ROG BP1501 39.62 cm (15.6-inch) Gaming Laptop Backpack (Black),"1,499",4.3 out of 5 stars,952,https://amazon.in//BP1501-15-6-inch-Gaming-Laptop-Backpack/dp/B081RLHHCY/ref=sr_1_98?crid=2M096C61O4MLT&keywords=bags&qid=1688716547&sprefix=ba%2Caps%2C283&sr=8-98,,,,
,,,,,,,,
DZert Clasy Laptop Bag College Bag for Boys Girls 21 L Red Black,339,3.8 out of 5 stars,"2,461",https://amazon.in//DZert-Polyester-Black-White-Backpack/dp/B07GXX2BP3/ref=sr_1_99?crid=2M096C61O4MLT&keywords=bags&qid=1688716547&sprefix=ba%2Caps%2C283&sr=8-99,,,,
,,,,,,,,
CAPRIFF 32 L Casual Waterproof Laptop Bag/Backpack for Men Boys & Girls For Office School College Teens & Students with Rain Cover With adjustable Strap With 2 Compartment,539,3.8 out of 5 stars,"3,079",https://amazon.in//Capriff-Liters-Collage-travell-Backpack/dp/B084T7X2HX/ref=sr_1_100?crid=2M096C61O4MLT&keywords=bags&qid=1688716547&sprefix=ba%2Caps%2C283&sr=8-100,,,,
,,,,,,,,
"URBAN TRIBE Havana Laptop Backpack for Men & Women | Laptop Bag 15.6 inch | Office Work/Casual/College Bag | Black, 27L",939,3.9 out of 5 stars,773,https://amazon.in//Urban-Tribe-Laptop-Backpack-Havana/dp/B01LXNNFDF/ref=sr_1_101?crid=2M096C61O4MLT&keywords=bags&qid=1688716547&sprefix=ba%2Caps%2C283&sr=8-101,,,,
,,,,,,,,
Skybags 22 ltrs (16 Cms) backpack(BPFLE22EBTH_Blith),888,4.1 out of 5 stars,29,https://amazon.in//Skybags-Unisex-Blith-Jacquard-Backpacks/dp/B0B21Z3DBD/ref=sr_1_102?crid=2M096C61O4MLT&keywords=bags&qid=1688716547&sprefix=ba%2Caps%2C283&sr=8-102,,,,
,,,,,,,,
"Genie Clara Backpack for Women - 3 compartments, Laptop Bags for Girls, Stylish and Trendy College Backpacks for Girls, Water Resistant and Lightweight Bags for Office and Travelling Purpose.","1,279",4.4 out of 5 stars,183,https://amazon.in//Genie-Clara-Backpack-Women-compartments/dp/B097JJGR1N/ref=sr_1_103?crid=2M096C61O4MLT&keywords=bags&qid=1688716547&sprefix=ba%2Caps%2C283&sr=8-103,,,,
,,,,,,,,
Wesley Matrix 15.6 inch 35L Casual Waterproof Laptop Backpack/Office Bag/College Bag/Business Bag/Unisex Travel Backpack (Navy Blue),499,4.2 out of 5 stars,761,https://amazon.in//Wesley-Waterproof-Backpack-College-Business/dp/B08B6F3X7V/ref=sr_1_104?crid=2M096C61O4MLT&keywords=bags&qid=1688716547&sprefix=ba%2Caps%2C283&sr=8-104,,,,
,,,,,,,,
"SFANE Polyester Red Duffel Gym Bag, Shoulder Bag, Sports Bag for Men & Women with Separate Shoe Compartment (Black) (Red) Set Of 1",387,4.3 out of 5 stars,307,https://amazon.in//SFANE-Polyester-Shoulder-Separate-Compartment/dp/B08KG7J7L5/ref=sr_1_105?crid=2M096C61O4MLT&keywords=bags&qid=1688716547&sprefix=ba%2Caps%2C283&sr=8-105,,,,
,,,,,,,,
"TABELITO Casual Laptop Backpack 15.6-inch, 25 LTR Water Repellent",549,4.0 out of 5 stars,677,https://amazon.in//Tabelito-Laptop-Backpack-15-6-inch-Repellent/dp/B08Y5S6C2P/ref=sr_1_106?crid=2M096C61O4MLT&keywords=bags&qid=1688716547&sprefix=ba%2Caps%2C283&sr=8-106,,,,
,,,,,,,,
FUR JADEN 15.6 Anti Theft Laptop Backpack with USB Charging Port Unisex Bag for College Office Suitable for Men Women,749,4.0 out of 5 stars,"6,104",https://amazon.in//FUR-JADEN-Waterproof-Charging-BM25_Grey/dp/B07FM9BSKW/ref=sr_1_107?crid=2M096C61O4MLT&keywords=bags&qid=1688716547&sprefix=ba%2Caps%2C283&sr=8-107,,,,
,,,,,,,,
AUXTER Premium Sports Gym Duflle Bag with Shoe Compartment for Men and Women,484,4.3 out of 5 stars,"1,265",https://amazon.in//Auxter-Premium-Sports-Compartment-Black-Green/dp/B08XWBDGMB/ref=sr_1_108?crid=2M096C61O4MLT&keywords=bags&qid=1688716547&sprefix=ba%2Caps%2C283&sr=8-108,,,,
,,,,,,,,
Gear Superior 16LWater Resistant School Bag//Backpack/College Bag for Men/Women - Black,351,3.9 out of 5 stars,302,https://amazon.in//Gear-Superior-Casual-Backpack-BKPSPRIOR0001/dp/B08GY2ZN96/ref=sr_1_109?crid=2M096C61O4MLT&keywords=bags&qid=1688716547&sprefix=ba%2Caps%2C283&sr=8-109,,,,
,,,,,,,,
"Tabelito® NEO 3O L Water Resistant Laptop/College/Office/School/Travel/Business Bag, Unisex Backpack for Men Women Fits Up to 15.6 Inch Laptop Notebook.",399,4.3 out of 5 stars,79,https://amazon.in//Tabelito-NEO-Backpack-Business-Compartment/dp/B0C2D2GPWJ/ref=sr_1_110?crid=2M096C61O4MLT&keywords=bags&qid=1688716547&sprefix=ba%2Caps%2C283&sr=8-110,,,,
,,,,,,,,
"SFANE Polyester 23 cms Navy Blue Gym Bag, Shoulder Bag, Sports Bag for Men & Women with Separate Shoes Compartment (Blue)",437,4.4 out of 5 stars,"2,842",https://amazon.in//SFANE-Duffel-Shoulder-Women-Compartment/dp/B07ZC77WTW/ref=sr_1_111?crid=2M096C61O4MLT&keywords=bags&qid=1688716547&sprefix=ba%2Caps%2C283&sr=8-111,,,,
,,,,,,,,
DZert Kids School Bag Soft Plush Backpacks Cartoon Boys Girls Baby (2-5 Years),249,3.7 out of 5 stars,"11,874",https://amazon.in//DZert-Panda-School-Backpacks-Cartoon/dp/B07WSBV3BN/ref=sr_1_112?crid=2M096C61O4MLT&keywords=bags&qid=1688716547&sprefix=ba%2Caps%2C283&sr=8-112,,,,
,,,,,,,,
Genie,"1,149",4.1 out of 5 stars,"1,544",https://amazon.in//Genie-Ltrs-School-Backpack-SPRAY19SBBLU/dp/B07QFF2RZR/ref=sr_1_113?crid=2M096C61O4MLT&keywords=bags&qid=1688716549&sprefix=ba%2Caps%2C283&sr=8-113,,,,
,,,,,,,,
Gear Superior 16LWater Resistant School Bag//Backpack/College Bag for Men/Women - Black,351,3.9 out of 5 stars,302,https://amazon.in//Gear-Superior-Casual-Backpack-BKPSPRIOR0001/dp/B08GY2ZN96/ref=sr_1_114?crid=2M096C61O4MLT&keywords=bags&qid=1688716549&sprefix=ba%2Caps%2C283&sr=8-114,,,,
,,,,,,,,
House of Quirk Baby Diaper Bag Maternity Backpack (Blue Elephant Printed),"1,399",4.3 out of 5 stars,"3,791",https://amazon.in//House-Quirk-Maternity-Backpack-Elephant/dp/B07QV7SH4S/ref=sr_1_115?crid=2M096C61O4MLT&keywords=bags&qid=1688716549&sprefix=ba%2Caps%2C283&sr=8-115,,,,
,,,,,,,,
AUXTER Faux Leather 23 Cms Duffle Bag(AUX_GB_LE_Black -SE__0521_Black),429,4.3 out of 5 stars,"9,206",https://amazon.in//AUXTER-BLACKY-Duffel-Emboss-Black/dp/B07F2H25NP/ref=sr_1_116?crid=2M096C61O4MLT&keywords=bags&qid=1688716549&sprefix=ba%2Caps%2C283&sr=8-116,,,,
,,,,,,,,
Genie Flamenco2 Casual Backpacks for Women,729,4.3 out of 5 stars,"1,483",https://amazon.in//Genie-Flamenco2-Backpack-Compatible-Resistant/dp/B08YF9VHTY/ref=sr_1_117?crid=2M096C61O4MLT&keywords=bags&qid=1688716549&sprefix=ba%2Caps%2C283&sr=8-117,,,,
,,,,,,,,
Half Moon Large 37L Laptop Bag Backpack for menं Women Boys and Girls Luggage Travel Bags with 17.3 inches Laptop Compartment & Rain Cover,849,3.9 out of 5 stars,"3,076",https://amazon.in//Half-Moon-Resistant-Backpack-Compartment/dp/B0BHX7GY16/ref=sr_1_118?crid=2M096C61O4MLT&keywords=bags&qid=1688716549&sprefix=ba%2Caps%2C283&sr=8-118,,,,
,,,,,,,,
"SFANE Polyester 23 cms Navy Blue Gym Bag, Shoulder Bag, Sports Bag for Men & Women with Separate Shoes Compartment (Blue)",437,4.4 out of 5 stars,"2,842",https://amazon.in//SFANE-Duffel-Shoulder-Women-Compartment/dp/B07ZC77WTW/ref=sr_1_119?crid=2M096C61O4MLT&keywords=bags&qid=1688716549&sprefix=ba%2Caps%2C283&sr=8-119,,,,
,,,,,,,,
Bennett™ Mystic Unisex Adult Men's Laptop Bag 15.6 inch Side Shoulder Briefcase Satchel Messenger Business Bags for Men & Women Front Pocket for Laptop Accessories - Black (6 Month Warranty),512,4.0 out of 5 stars,"6,061",https://amazon.in//BennettTM-Shoulder-Messenger-Repellent-Charcoal/dp/B09CV24TMK/ref=sr_1_120?crid=2M096C61O4MLT&keywords=bags&qid=1688716549&sprefix=ba%2Caps%2C283&sr=8-120,,,,
,,,,,,,,
COSMUS Darwin Navy Blue Laptop Backpack for (15.6 inch),"1,333",4.3 out of 5 stars,"10,019",https://amazon.in//COSMUS-Polyester-Navy-Laptop-Backpack/dp/B01FVQLLU0/ref=sr_1_121?crid=2M096C61O4MLT&keywords=bags&qid=1688716549&sprefix=ba%2Caps%2C283&sr=8-121,,,,
,,,,,,,,
Gear Bounce 27 Ltrs Water Resistant School Bag/Backpack/College Bag for Men/Women-Grey Orange,615,3.7 out of 5 stars,458,https://amazon.in//Gear-Bounce-Backpack-Grey-Orange-BKPBOUNCE0604/dp/B097KCLF5F/ref=sr_1_122?crid=2M096C61O4MLT&keywords=bags&qid=1688716549&sprefix=ba%2Caps%2C283&sr=8-122,,,,
,,,,,,,,
"DYAZO Water Resistant Camera Bag/Case Shoulder Strap Space for Photography Lens and Accessories Compatible for Nikon, Canon, Sony, Panasonic, Samsung & Other SLR/DSLR etc (Black & Silver)",805,4.4 out of 5 stars,306,https://amazon.in//Resistant-Photography-Accessories-Compatible-Panasonic/dp/B0BRJLWQ6R/ref=sr_1_123?crid=2M096C61O4MLT&keywords=bags&qid=1688716549&sprefix=ba%2Caps%2C283&sr=8-123,,,,
,,,,,,,,
"Genie Miami Laptop Backpack for Women, 16 inches Office Bag, Sky Blue Stylish and Trendy Bag for Office and College",799,4.2 out of 5 stars,"1,436",https://amazon.in//Genie-Miami-litres-Casual-Backpack/dp/B07SRGGGNC/ref=sr_1_124?crid=2M096C61O4MLT&keywords=bags&qid=1688716549&sprefix=ba%2Caps%2C283&sr=8-124,,,,
,,,,,,,,
"FUR JADEN Travel Laptop Backpack, Business Backpacks with USB Charging Port, Water Resistant College School Computer Bag for Men & Women Fits Under 15.6 inch Laptop and Notebook","1,049",4.2 out of 5 stars,217,https://amazon.in//Backpack-Business-Backpacks-Charging-Resistant/dp/B094DGXXR5/ref=sr_1_125?crid=2M096C61O4MLT&keywords=bags&qid=1688716549&sprefix=ba%2Caps%2C283&sr=8-125,,,,
,,,,,,,,
"FUR JADEN 15.6 Inch Smart Laptop Backpack Bag With USB Charging Port, Anti Theft Pocket and Accessories Organiser for Men Women Boys Girls","1,329",4.2 out of 5 stars,503,https://amazon.in//FUR-JADEN-Backpack-Accessories-Organiser/dp/B0BSHBC51P/ref=sr_1_126?crid=2M096C61O4MLT&keywords=bags&qid=1688716549&sprefix=ba%2Caps%2C283&sr=8-126,,,,
,,,,,,,,
Lavie Women's Pavo Tote Bag | Ladies Purse Handbag,899,4.1 out of 5 stars,"4,839",https://amazon.in//Lavie-Spring-Summer-Womens-Tote/dp/B0814PV49H/ref=sr_1_127?crid=2M096C61O4MLT&keywords=bags&qid=1688716549&sprefix=ba%2Caps%2C283&sr=8-127,,,,
,,,,,,,,
AmazonBasics - Casual Backpack/Office Bag/ for a 15.6-inch Laptop,699,4.2 out of 5 stars,603,https://amazon.in//AmazonBasics-Casual-Backpack-Office-15-6-inch/dp/B09W4VMZ79/ref=sr_1_128?crid=2M096C61O4MLT&keywords=bags&qid=1688716549&sprefix=ba%2Caps%2C283&sr=8-128,,,,
,,,,,,,,
AUXTER Faux Leather 23 Cms Duffle Bag(AUX_GB_LE_Black -SE__0521_Black),429,4.3 out of 5 stars,"9,206",https://amazon.in//AUXTER-BLACKY-Duffel-Emboss-Black/dp/B07F2H25NP/ref=sr_1_129?crid=2M096C61O4MLT&keywords=bags&qid=1688716552&sprefix=ba%2Caps%2C283&sr=8-129,,,,
,,,,,,,,
"FATMUG Polyester Foldable Duffle Travel Bag Luggage For Travel, Packing And Storage - Men And Women - (60 L, Black)","1,099",4.2 out of 5 stars,"1,373",https://amazon.in//FATMUG-Foldable-Luggage-Packing-Storage/dp/B07YFNXC3H/ref=sr_1_130?crid=2M096C61O4MLT&keywords=bags&qid=1688716552&sprefix=ba%2Caps%2C283&sr=8-130,,,,
,,,,,,,,
F Gear Burner P8 19 Ltrs White Casual Laptop Backpack,,4.3 out of 5 stars,"3,983",https://amazon.in//F-Gear-Burner-Casual-Laptop-Backpack/dp/B016115VXW/ref=sr_1_131?crid=2M096C61O4MLT&keywords=bags&qid=1688716552&sprefix=ba%2Caps%2C283&sr=8-131,,,,
,,,,,,,,
NIVIA Basic Duffle Polyester Bag/Gym Bags/Adjustable Shoulder Bag for Men/Duffle Gym Bags for Men/Fitness Bag/Carry Bags/Sports & Travel Bag/Sports Kit/Duffle Bags Travel,352,4.0 out of 5 stars,"3,624",https://amazon.in//Nivia-6853BKGR-Polyester-Black-Grey/dp/B07NLB6FRS/ref=sr_1_132?crid=2M096C61O4MLT&keywords=bags&qid=1688716552&sprefix=ba%2Caps%2C283&sr=8-132,,,,
,,,,,,,,
Arctic Fox Slope Anti Theft 23 L Backpack with USB Charging Port 15 Inch Laptop Backpack (Marble Black),"1,445",4.5 out of 5 stars,"3,954",https://amazon.in//Arctic-Fox-Backpack-Charging-Laptop/dp/B089QB6D7B/ref=sr_1_133_mod_primary_new?crid=2M096C61O4MLT&keywords=bags&qid=1688716552&sbo=RZvfv%2F%2FHxDF%2BO5021pAnSA%3D%3D&sprefix=ba%2Caps%2C283&sr=8-133,,,,
,,,,,,,,
ADISA Women Girls Floral Print Sling Bag,469,4.3 out of 5 stars,"1,157",https://amazon.in//ADISA-Women-Girls-Floral-SL5072-CRE_Cream/dp/B09B56BCXR/ref=sr_1_134?crid=2M096C61O4MLT&keywords=bags&qid=1688716552&sprefix=ba%2Caps%2C283&sr=8-134,,,,
,,,,,,,,
Gear Campus1 22L Water Resistant School Bag/ College Bag/ Backpack For Men/Women-Black Royalblue,650,4.3 out of 5 stars,"3,939",https://amazon.in//Gear-Black-Casual-Backpack-BKPCMPUS10110/dp/B00Z9427SK/ref=sr_1_135?crid=2M096C61O4MLT&keywords=bags&qid=1688716552&sprefix=ba%2Caps%2C283&sr=8-135,,,,
,,,,,,,,
House of Quirk Baby Diaper Bag Maternity Backpack (Blue Elephant Printed),"1,399",4.3 out of 5 stars,"3,791",https://amazon.in//House-Quirk-Maternity-Backpack-Elephant/dp/B07QV7SH4S/ref=sr_1_136?crid=2M096C61O4MLT&keywords=bags&qid=1688716552&sprefix=ba%2Caps%2C283&sr=8-136,,,,
,,,,,,,,
Half Moon Large 37L Laptop Bag Backpack for menं Women Boys and Girls Luggage Travel Bags with 17.3 inches Laptop Compartment & Rain Cover,849,3.9 out of 5 stars,"3,076",https://amazon.in//Half-Moon-Resistant-Backpack-Compartment/dp/B0BHX7GY16/ref=sr_1_137?crid=2M096C61O4MLT&keywords=bags&qid=1688716552&sprefix=ba%2Caps%2C283&sr=8-137,,,,
,,,,,,,,
"Lunar's 35 L Laptop Office/School/Travel/Business Backpack Water Proof - Fits Up to 15.6 Inch Laptop Notebook, With Raincover, Inside Organiser and 1 Year Warranty (All)",849,3.8 out of 5 stars,"1,116",https://amazon.in//Lunars-Router-Resistant-Raincover-Organiser/dp/B08YR63B9M/ref=sr_1_138?crid=2M096C61O4MLT&keywords=bags&qid=1688716552&sprefix=ba%2Caps%2C283&sr=8-138,,,,
,,,,,,,,
COSMUS Darwin Navy Blue Laptop Backpack for (15.6 inch),"1,333",4.3 out of 5 stars,"10,019",https://amazon.in//COSMUS-Polyester-Navy-Laptop-Backpack/dp/B01FVQLLU0/ref=sr_1_139?crid=2M096C61O4MLT&keywords=bags&qid=1688716552&sprefix=ba%2Caps%2C283&sr=8-139,,,,
,,,,,,,,
"DYAZO Water Resistant Camera Bag/Case Shoulder Strap Space for Photography Lens and Accessories Compatible for Nikon, Canon, Sony, Panasonic, Samsung & Other SLR/DSLR etc (Black & Silver)",805,4.4 out of 5 stars,306,https://amazon.in//Resistant-Photography-Accessories-Compatible-Panasonic/dp/B0BRJLWQ6R/ref=sr_1_140?crid=2M096C61O4MLT&keywords=bags&qid=1688716552&sprefix=ba%2Caps%2C283&sr=8-140,,,,
,,,,,,,,
Shopiable Store Folding Storage Luggage Bag Travelling Shoulder Hand Bags Lightweight Waterproof Duffle Bag for Women (Pink),379,4.0 out of 5 stars,13,https://amazon.in//Shopiable-Store-Travelling-Lightweight-Waterproof/dp/B0B5VMZVXZ/ref=sr_1_141?crid=2M096C61O4MLT&keywords=bags&qid=1688716552&sprefix=ba%2Caps%2C283&sr=8-141,,,,
,,,,,,,,
"FUR JADEN Travel Laptop Backpack, Business Backpacks with USB Charging Port, Water Resistant College School Computer Bag for Men & Women Fits Under 15.6 inch Laptop and Notebook","1,049",4.2 out of 5 stars,217,https://amazon.in//Backpack-Business-Backpacks-Charging-Resistant/dp/B094DGXXR5/ref=sr_1_142?crid=2M096C61O4MLT&keywords=bags&qid=1688716552&sprefix=ba%2Caps%2C283&sr=8-142,,,,
,,,,,,,,
Impulse rucksack bags 75 litres travel bag for men tourist bag for travel backpack for hiking trekking Bag for men camping thames blue bag with 1 Year Warranty,"1,244",4.0 out of 5 stars,474,https://amazon.in//Impulse-rucksack-75-backpack-trekking/dp/B09T9XDQ99/ref=sr_1_143?crid=2M096C61O4MLT&keywords=bags&qid=1688716552&sprefix=ba%2Caps%2C283&sr=8-143,,,,
,,,,,,,,
"POLESTAR Leader 34 L Bag for College, School, Office, Casual Multipurpose Backpack with 15.6"" Laptop Compartment, Water Resistant, Unisex Design, Stylish & Durable, 1 Year Warranty",599,4.1 out of 5 stars,"3,516",https://amazon.in//POLESTAR-backpack-Backpack-College-Students/dp/B08X2KRL8B/ref=sr_1_144?crid=2M096C61O4MLT&keywords=bags&qid=1688716552&sprefix=ba%2Caps%2C283&sr=8-144,,,,
,,,,,,,,
"Sfane Polyester 9.05 Black Men & Women Trendy Black Sports Duffle Gym Bag, Shoulder Bag",327,4.2 out of 5 stars,"1,213",https://amazon.in//Sfane-Women-Trendy-Black-Duffel/dp/B07GCR84D9/ref=sr_1_145?crid=2M096C61O4MLT&keywords=bags&qid=1688716554&sprefix=ba%2Caps%2C283&sr=8-145,,,,
,,,,,,,,
Gear Parker 23L Water Resistant Anti Theft Laptop Bag/Backpack for Men/Women - Black,644,4.3 out of 5 stars,411,https://amazon.in//Gear-Executive-Anti-Theft-Backpack-BKPPKREXE0101/dp/B097KCMQKG/ref=sr_1_146?crid=2M096C61O4MLT&keywords=bags&qid=1688716554&sprefix=ba%2Caps%2C283&sr=8-146,,,,
,,,,,,,,
"DERBEN CLOVE® 15.6 Men and Women Laptop, MacBook Shoulder Messenger Sling Office Bag - Grey",899,4.1 out of 5 stars,157,https://amazon.in//Derben-Fabric-Leather-Laptop-Messenger/dp/B08TVL3MWJ/ref=sr_1_147?crid=2M096C61O4MLT&keywords=bags&qid=1688716554&sprefix=ba%2Caps%2C283&sr=8-147,,,,
,,,,,,,,
Safari Arc Polyester Duffle Bags for Travel 55 cm 2 Wheel Luggage (Red),"1,299",3.9 out of 5 stars,359,https://amazon.in//Safari-Duffle-Travel-Luggage-Trolley/dp/B097JJXL9K/ref=sr_1_148?crid=2M096C61O4MLT&keywords=bags&qid=1688716554&sprefix=ba%2Caps%2C283&sr=8-148,,,,
,,,,,,,,
Half Moon Aztec 37L School Bag Class 5-12 | College Bagpack for Men/College Back pack for Women | 15.6 inch Laptop Bag for Men/Backpack for Men | Spacious & Multiple Pockets,649,3.7 out of 5 stars,86,https://amazon.in//Half-Moon-Backpack-Spacious-Multiple/dp/B0C6N3MYL2/ref=sr_1_149?crid=2M096C61O4MLT&keywords=bags&qid=1688716554&sprefix=ba%2Caps%2C283&sr=8-149,,,,
,,,,,,,,
FUR JADEN 15.6 Anti Theft Laptop Backpack with USB Charging Port Unisex Bag for College Office Suitable for Men Women,749,4.0 out of 5 stars,"6,104",https://amazon.in//FUR-JADEN-Waterproof-Charging-BM25_Grey/dp/B07FM9BSKW/ref=sr_1_150?crid=2M096C61O4MLT&keywords=bags&qid=1688716554&sprefix=ba%2Caps%2C283&sr=8-150,,,,
,,,,,,,,
Dybbuk 25 Ltrs Laptop Backpack for Office & Travel Use for Men & Women | Water Resistance Bag | Fit Up to 15.6-inch Laptop,399,3.0 out of 5 stars,1,https://amazon.in//Dybbuk-Laptop-Backpack-Resistance-15-6-inch/dp/B0C5HLBY7D/ref=sr_1_151?crid=2M096C61O4MLT&keywords=bags&qid=1688716554&sprefix=ba%2Caps%2C283&sr=8-151,,,,
,,,,,,,,
Impulse ImpExplore 45L Laptop Backpack/Office Bag/School Bag/College Bag/Business Bag/Travel Backpack Water Resistant Fits Up to 16 Inch Laptop with Rain Cover & 1 Year Warranty,749,4.0 out of 5 stars,1,https://amazon.in//Impulse-ImpExplore-Backpack-Business-Resistant/dp/B0C1CTRPWF/ref=sr_1_152?crid=2M096C61O4MLT&keywords=bags&qid=1688716554&sprefix=ba%2Caps%2C283&sr=8-152,,,,
,,,,,,,,
Wildcraft 29.5 Ltrs Green Casual Backpack (11650-Green),"1,029",4.1 out of 5 stars,383,https://amazon.in//Wildcraft-Green-Casual-Backpack-11650-Green/dp/B079DV66TY/ref=sr_1_153?crid=2M096C61O4MLT&keywords=bags&qid=1688716554&sprefix=ba%2Caps%2C283&sr=8-153,,,,
,,,,,,,,
Wildcraft Work Packs'18 21 Ltrs Black Laptop Backpack (Streak Plus),"1,534",4.4 out of 5 stars,"1,959",https://amazon.in//Wildcraft-Packs18-Laptop-Backpack-Streak/dp/B07FC4D9B5/ref=sr_1_154_mod_primary_new?crid=2M096C61O4MLT&keywords=bags&qid=1688716554&sbo=RZvfv%2F%2FHxDF%2BO5021pAnSA%3D%3D&sprefix=ba%2Caps%2C283&sr=8-154,,,,
,,,,,,,,
Gear Campus1 22L Water Resistant School Bag/ College Bag/ Backpack For Men/Women-Black Royalblue,650,4.3 out of 5 stars,"3,939",https://amazon.in//Gear-Black-Casual-Backpack-BKPCMPUS10110/dp/B00Z9427SK/ref=sr_1_155?crid=2M096C61O4MLT&keywords=bags&qid=1688716554&sprefix=ba%2Caps%2C283&sr=8-155,,,,
,,,,,,,,
Genie Plaids 19 Maroon Backpack Collection,"1,149",4.2 out of 5 stars,299,https://amazon.in//Genie-Plaids-Latest-Backpack-Collection/dp/B0893ZWXQJ/ref=sr_1_156?crid=2M096C61O4MLT&keywords=bags&qid=1688716554&sprefix=ba%2Caps%2C283&sr=8-156,,,,
,,,,,,,,
"Bennett Casual Laptop Bag School Bags for Boys Girls 15.6-inch, 25 LTR Office & College bags for Mens Water Repellent Backpack for Men & Women (GREY)",512,3.9 out of 5 stars,165,https://amazon.in//Bennett-15-6-inch-College-Repellent-Backpack/dp/B09WZKHSDR/ref=sr_1_157?crid=2M096C61O4MLT&keywords=bags&qid=1688716554&sprefix=ba%2Caps%2C283&sr=8-157,,,,
,,,,,,,,
Gear Workspace 18L Water Resistant Laptop Bag/Backpack/Office Bag for Men/Women-Black,875,4.2 out of 5 stars,330,https://amazon.in//Gear-Workspace-Briefcase-Black-Red-BKPWRPHYD0101/dp/B097KGL2M5/ref=sr_1_158?crid=2M096C61O4MLT&keywords=bags&qid=1688716554&sprefix=ba%2Caps%2C283&sr=8-158,,,,
,,,,,,,,
DAHSHA Stylish Nylon Sling Cross Body Travel Bag for Business Office Messenger One Side Shoulder Carry Handbag Bag For Men & Women (35X18x25 CM-grey),695,3.9 out of 5 stars,414,https://amazon.in//DAHSHA-Multipurpose-Travel-Duffel-13X7x11-inch/dp/B07GCLJTZF/ref=sr_1_159?crid=2M096C61O4MLT&keywords=bags&qid=1688716554&sprefix=ba%2Caps%2C283&sr=8-159,,,,
,,,,,,,,
"Genie Clara Backpack for Women - 3 compartments, Laptop Bags for Girls, Stylish and Trendy College Backpacks for Girls, Water Resistant and Lightweight Bags for Office and Travelling Purpose.","1,279",4.4 out of 5 stars,183,https://amazon.in//Genie-Clara-Backpack-Women-compartments/dp/B097JJGR1N/ref=sr_1_160?crid=2M096C61O4MLT&keywords=bags&qid=1688716554&sprefix=ba%2Caps%2C283&sr=8-160,,,,
,,,,,,,,
Wildcraft 29.5 Ltrs Green Casual Backpack (11650-Green),"1,029",4.1 out of 5 stars,383,https://amazon.in//Wildcraft-Green-Casual-Backpack-11650-Green/dp/B079DV66TY/ref=sr_1_161?crid=2M096C61O4MLT&keywords=bags&qid=1688716557&sprefix=ba%2Caps%2C283&sr=8-161,,,,
,,,,,,,,
Wildcraft Work Packs'18 21 Ltrs Black Laptop Backpack (Streak Plus),"1,534",4.4 out of 5 stars,"1,959",https://amazon.in//Wildcraft-Packs18-Laptop-Backpack-Streak/dp/B07FC4D9B5/ref=sr_1_162_mod_primary_new?crid=2M096C61O4MLT&keywords=bags&qid=1688716557&sbo=RZvfv%2F%2FHxDF%2BO5021pAnSA%3D%3D&sprefix=ba%2Caps%2C283&sr=8-162,,,,
,,,,,,,,
Skybags 22 ltrs (16 Cms) backpack(BPFLE22EBTH_Blith),888,4.1 out of 5 stars,29,https://amazon.in//Skybags-Unisex-Blith-Jacquard-Backpacks/dp/B0B21Z3DBD/ref=sr_1_163?crid=2M096C61O4MLT&keywords=bags&qid=1688716557&sprefix=ba%2Caps%2C283&sr=8-163,,,,
,,,,,,,,
Gear Classic 20L Faux Leather Water Resistant Anti Theft Laptop Bag/Backpack for Men/Women-Navy,988,4.4 out of 5 stars,"6,436",https://amazon.in//Gear-Classic-Leather-Backpack-LBPCLSLTH0519/dp/B07G4JQX2F/ref=sr_1_164?crid=2M096C61O4MLT&keywords=bags&qid=1688716557&sprefix=ba%2Caps%2C283&sr=8-164,,,,
,,,,,,,,
"Bennett Casual Laptop Bag School Bags for Boys Girls 15.6-inch, 25 LTR Office & College bags for Mens Water Repellent Backpack for Men & Women (GREY)",512,3.9 out of 5 stars,165,https://amazon.in//Bennett-15-6-inch-College-Repellent-Backpack/dp/B09WZKHSDR/ref=sr_1_165?crid=2M096C61O4MLT&keywords=bags&qid=1688716557&sprefix=ba%2Caps%2C283&sr=8-165,,,,
,,,,,,,,
Gear Workspace 18L Water Resistant Laptop Bag/Backpack/Office Bag for Men/Women-Black,875,4.2 out of 5 stars,330,https://amazon.in//Gear-Workspace-Briefcase-Black-Red-BKPWRPHYD0101/dp/B097KGL2M5/ref=sr_1_166?crid=2M096C61O4MLT&keywords=bags&qid=1688716557&sprefix=ba%2Caps%2C283&sr=8-166,,,,
,,,,,,,,
"SFANE Polyester 23 cms Navy Blue Gym Bag, Shoulder Bag, Sports Bag for Men & Women with Separate Shoes Compartment (Blue)",437,4.4 out of 5 stars,"2,842",https://amazon.in//SFANE-Duffel-Shoulder-Women-Compartment/dp/B07ZC77WTW/ref=sr_1_167?crid=2M096C61O4MLT&keywords=bags&qid=1688716557&sprefix=ba%2Caps%2C283&sr=8-167,,,,
,,,,,,,,
"Hian Heavy Double Layer Produce Bags Washable, Reusable, Multipurpose, Lightweight Mesh Grocery Bags For Fruits, Vegetables, Nuts, Nylon Netted Reusable Mesh Bag With Zipper Lock (6)",199,5.0 out of 5 stars,5,https://amazon.in//Hian-Washable-Multipurpose-Lightweight-Vegetables/dp/B0BWFJSZVC/ref=sr_1_168?crid=2M096C61O4MLT&keywords=bags&qid=1688716557&sprefix=ba%2Caps%2C283&sr=8-168,,,,
,,,,,,,,
Gear Vintage2 28L Faux Leather Water Resistant Anti Theft Laptop Bag/Backpack for Men/Women-Black,981,4.4 out of 5 stars,"1,817",https://amazon.in//Gear-Vintage2-Leather-Backpack-LBPVG2LTH0101/dp/B07G44G1DC/ref=sr_1_169?crid=2M096C61O4MLT&keywords=bags&qid=1688716557&sprefix=ba%2Caps%2C283&sr=8-169,,,,
,,,,,,,,
ADISA Women's Sling Bag,564,4.0 out of 5 stars,"2,805",https://amazon.in//ADISA-SL5038-women-girls-sling/dp/B08Q4FHQLN/ref=sr_1_170?crid=2M096C61O4MLT&keywords=bags&qid=1688716557&sprefix=ba%2Caps%2C283&sr=8-170,,,,
,,,,,,,,
"FUR JADEN 15.6 Inch Smart Laptop Backpack Bag With USB Charging Port, Anti Theft Pocket and Accessories Organiser for Men Women Boys Girls","1,329",4.2 out of 5 stars,503,https://amazon.in//FUR-JADEN-Backpack-Accessories-Organiser/dp/B0BSHBC51P/ref=sr_1_171?crid=2M096C61O4MLT&keywords=bags&qid=1688716557&sprefix=ba%2Caps%2C283&sr=8-171,,,,
,,,,,,,,
"POLESTAR Enzo 15.6 inch 35 LTR Casual Laptop Backpack/Office Bag/School Bag/College Bag/Business Bag/Unisex Backpack, Water Resistant and Light Weight, 1 year Warranty",619,4.1 out of 5 stars,"3,910",https://amazon.in//Polestar-Liters-Polyester-Casual-Backpack/dp/B09243WY6M/ref=sr_1_172?crid=2M096C61O4MLT&keywords=bags&qid=1688716557&sprefix=ba%2Caps%2C283&sr=8-172,,,,
,,,,,,,,
"GREENLANDS 42 Litres Quad Backpack/Bag with Rain Cover for Travel, Upto 17” Laptop, School/College and Work Lightweight and Stylish Bag Men and Women- Light Grey","1,742",3.8 out of 5 stars,96,https://amazon.in//GreenLands-SG-Backpack-QUAD-L-Grey/dp/B08ML7RWG6/ref=sr_1_173?crid=2M096C61O4MLT&keywords=bags&qid=1688716557&sprefix=ba%2Caps%2C283&sr=8-173,,,,
,,,,,,,,
Wooum Sling Cross Body Bag/One Side Bag/Shoulder Bag/Office Business Messenger Bag/Money Bag for Men and Women - Water Resisitance,328,4.0 out of 5 stars,696,https://amazon.in//Wooum-Resisitance-Shoulder-Business-Messenger/dp/B0993Q72WD/ref=sr_1_174?crid=2M096C61O4MLT&keywords=bags&qid=1688716557&sprefix=ba%2Caps%2C283&sr=8-174,,,,
,,,,,,,,
Lenovo 15.6-inch Casual Laptop Briefcase T210,799,4.1 out of 5 stars,"20,132",https://amazon.in//Lenovo-Carrying-15-6-Inch-Toploader-GX40Q17229/dp/B075Y6Y9H5/ref=sr_1_175?crid=2M096C61O4MLT&keywords=bags&qid=1688716557&sprefix=ba%2Caps%2C283&sr=8-175,,,,
,,,,,,,,
"GoTrippin Waist Bags for Men Women- Premium Stitching, Branded Zippers, Waterproof pocket, RFID safe- Large Fanny pack for Hiking Travel Camping Running Sports Outdoors, Money Belt with Adjustable Strap (Polyester,Black)",999,4.5 out of 5 stars,"2,125",https://amazon.in//GoTrippin-Camping-Outdoors-Polyester-Adjustable/dp/B088LHS5LP/ref=sr_1_176?crid=2M096C61O4MLT&keywords=bags&qid=1688716557&sprefix=ba%2Caps%2C283&sr=8-176,,,,
,,,,,,,,
F Gear Tycoon 27 Liters Laptop Backpack Sch Bag(Black),"1,149",4.4 out of 5 stars,246,https://amazon.in//F-Gear-Tycoon-Laptop-Backpack/dp/B071XJ6XV5/ref=sr_1_177?crid=2M096C61O4MLT&keywords=bags&qid=1688716560&sprefix=ba%2Caps%2C283&sr=8-177,,,,
,,,,,,,,
Skybags Riddle Pink 46 Cms Casual Backpack with Raincover,"1,018",4.4 out of 5 stars,52,https://amazon.in//Skybags-Riddle-Casual-Backpack-Raincover/dp/B08Z1MSF5P/ref=sr_1_178?crid=2M096C61O4MLT&keywords=bags&qid=1688716560&sprefix=ba%2Caps%2C283&sr=8-178,,,,
,,,,,,,,
Skybags Kick Unisex Adjustable Strap Polyester Laptop Backpack,"1,349",4.1 out of 5 stars,45,https://amazon.in//Skybags-Unisex-Adjustable-Polyester-Backpack/dp/B0BJ74KLLY/ref=sr_1_179?crid=2M096C61O4MLT&keywords=bags&qid=1688716560&sprefix=ba%2Caps%2C283&sr=8-179,,,,
,,,,,,,,
FUR JADEN 15.6 Anti Theft Laptop Backpack with USB Charging Port Unisex Bag for College Office Suitable for Men Women,749,4.0 out of 5 stars,"6,104",https://amazon.in//FUR-JADEN-Waterproof-Charging-BM25_Grey/dp/B07FM9BSKW/ref=sr_1_180?crid=2M096C61O4MLT&keywords=bags&qid=1688716560&sprefix=ba%2Caps%2C283&sr=8-180,,,,
,,,,,,,,
"Tabelito® NEXA 3O L Water Resistant Laptop/College/Office/School/Travel/Business Bag, Unisex Backpack for Men Women Fits Up to 15.6 Inch Laptop Notebook. (GREY)",399,4.7 out of 5 stars,59,https://amazon.in//Tabelito-NEXA-Backpack-Business-Compartment/dp/B0C2D4KWQ6/ref=sr_1_181?crid=2M096C61O4MLT&keywords=bags&qid=1688716560&sprefix=ba%2Caps%2C283&sr=8-181,,,,
,,,,,,,,
"AirCase Laptop Bag Backpack Case Pouch for Laptop Backpack for Men & Women,Premium Vegan Leather",929,4.0 out of 5 stars,"1,069",https://amazon.in//AirCase-C34-Laptop-Backpack-Women/dp/B07QL8633G/ref=sr_1_182?crid=2M096C61O4MLT&keywords=bags&qid=1688716560&sprefix=ba%2Caps%2C283&sr=8-182,,,,
,,,,,,,,
Bennett™ Mystic Unisex Adult Men's Laptop Bag 15.6 inch Side Shoulder Briefcase Satchel Messenger Business Bags for Men & Women Front Pocket for Laptop Accessories - Black (6 Month Warranty),512,4.0 out of 5 stars,"6,061",https://amazon.in//BennettTM-Shoulder-Messenger-Repellent-Charcoal/dp/B09CV24TMK/ref=sr_1_183?crid=2M096C61O4MLT&keywords=bags&qid=1688716560&sprefix=ba%2Caps%2C283&sr=8-183,,,,
,,,,,,,,
Red Lemon Polyester Bange Series 15.6inch Laptop Bag for Men 35 LTR Capacity Daily Office Bag for Men and Women Black (1903),"3,299",4.3 out of 5 stars,177,https://amazon.in//Red-Lemon-Polyester-15-6-inch-Waterproof/dp/B07XYY2FW4/ref=sr_1_184?crid=2M096C61O4MLT&keywords=bags&qid=1688716560&sprefix=ba%2Caps%2C283&sr=8-184,,,,
,,,,,,,,
Gear DOUBLE DECKER 31L Water Resistant Laptop Bag/Backpack/Office Bag for Men/Women (Black),"1,359",4.0 out of 5 stars,18,https://amazon.in//Gear-DOUBLE-DECKER-Resistant-Backpack/dp/B0BTJ3WTMV/ref=sr_1_185?crid=2M096C61O4MLT&keywords=bags&qid=1688716560&sprefix=ba%2Caps%2C283&sr=8-185,,,,
,,,,,,,,
ADISA 15.6 inch Laptop Backpack Office Bag College Travel Back Pack 32 Ltrs (z-Black),499,3.9 out of 5 stars,959,https://amazon.in//ADISA-Laptop-Backpack-College-z-Black/dp/B09TPY1G1W/ref=sr_1_186?crid=2M096C61O4MLT&keywords=bags&qid=1688716560&sprefix=ba%2Caps%2C283&sr=8-186,,,,
,,,,,,,,
Gear Bounce 27 Ltrs Water Resistant School Bag/Backpack/College Bag for Men/Women-Grey Orange,615,3.7 out of 5 stars,458,https://amazon.in//Gear-Bounce-Backpack-Grey-Orange-BKPBOUNCE0604/dp/B097KCLF5F/ref=sr_1_187?crid=2M096C61O4MLT&keywords=bags&qid=1688716560&sprefix=ba%2Caps%2C283&sr=8-187,,,,
,,,,,,,,
"ARCTIC HUNTER 15.6"" Laptop Bag (Flair) Anti-Theft Built-in Combination Lock, Side Bottle Pockets, Expandable, Waterproof for Office College Men Women","2,590",4.2 out of 5 stars,69,https://amazon.in//WALKENT-Flair-Expandable-Anti-Theft-Waterproof/dp/B09BVSNMS2/ref=sr_1_188?crid=2M096C61O4MLT&keywords=bags&qid=1688716560&sprefix=ba%2Caps%2C283&sr=8-188,,,,
,,,,,,,,
Gear Vintage2 28L Faux Leather Water Resistant Anti Theft Laptop Bag/Backpack for Men/Women-Black,981,4.4 out of 5 stars,"1,817",https://amazon.in//Gear-Vintage2-Leather-Backpack-LBPVG2LTH0101/dp/B07G44G1DC/ref=sr_1_189?crid=2M096C61O4MLT&keywords=bags&qid=1688716560&sprefix=ba%2Caps%2C283&sr=8-189,,,,
,,,,,,,,
Wesley Office Laptop Bag Briefcase Notebook Professional Business 15.6 Inch Briefcase Messenger Sling Water Resistant Laptop Bag Tablet Business Carrying Handbag for Women and Men,448,4.0 out of 5 stars,"1,487",https://amazon.in//Wesley-Briefcase-Professional-Messenger-Resistant/dp/B08K7PN23C/ref=sr_1_190?crid=2M096C61O4MLT&keywords=bags&qid=1688716560&sprefix=ba%2Caps%2C283&sr=8-190,,,,
,,,,,,,,
F Gear Enzo Sports Waist Bag (.Red),222,4.2 out of 5 stars,898,https://amazon.in//F-Gear-Enzo-Red-Sports-Waist-Bag/dp/B0862LF7HS/ref=sr_1_191?crid=2M096C61O4MLT&keywords=bags&qid=1688716560&sprefix=ba%2Caps%2C283&sr=8-191,,,,
,,,,,,,,
motherly Diaper Bags for Mom Travel Basic Edition (Navy Blue),"1,449",4.5 out of 5 stars,"2,538",https://amazon.in//Motherly-Diaper-Bags-Travel-Basic/dp/B07PKQ3WJZ/ref=sr_1_192?crid=2M096C61O4MLT&keywords=bags&qid=1688716560&sprefix=ba%2Caps%2C283&sr=8-192,,,,
,,,,,,,,
DZert Kids School Bag Soft Plush Backpacks Cartoon Boys Girls Baby (2-5 Years),225,3.7 out of 5 stars,"3,143",https://amazon.in//DZert-Kids-Grey-School-Years/dp/B07QD1M3R9/ref=sr_1_193?crid=2M096C61O4MLT&keywords=bags&qid=1688716563&sprefix=ba%2Caps%2C283&sr=8-193,,,,
,,,,,,,,
"POLESTAR Leader 34 L Bag for College, School, Office, Casual Multipurpose Backpack with 15.6"" Laptop Compartment, Water Resistant, Unisex Design, Stylish & Durable, 1 Year Warranty",599,4.1 out of 5 stars,"3,516",https://amazon.in//POLESTAR-backpack-Backpack-College-Students/dp/B08X2KRL8B/ref=sr_1_194?crid=2M096C61O4MLT&keywords=bags&qid=1688716563&sprefix=ba%2Caps%2C283&sr=8-194,,,,
,,,,,,,,
American Tourister Ohio Polyester 55 Cms Wheel Travel Duffle Bag (Grey),"1,799",4.1 out of 5 stars,"1,102",https://amazon.in//American-Tourister-FJ9-08-001/dp/B07N15QM1C/ref=sr_1_195?crid=2M096C61O4MLT&keywords=bags&qid=1688716563&sprefix=ba%2Caps%2C283&sr=8-195,,,,
,,,,,,,,
Lenovo 15.6-inch Casual Laptop Briefcase T210,799,4.1 out of 5 stars,"20,132",https://amazon.in//Lenovo-Carrying-15-6-Inch-Toploader-GX40Q17229/dp/B075Y6Y9H5/ref=sr_1_196?crid=2M096C61O4MLT&keywords=bags&qid=1688716563&sprefix=ba%2Caps%2C283&sr=8-196,,,,
,,,,,,,,
Fostelo Style Diva Women Handbags | Shoulder Bags |Bags For Women | Ladies Bags |Hobo Bags |Ladies Purse,555,3.9 out of 5 stars,"9,106",https://amazon.in//Fostelo-Style-Diva-Womens-Handbag/dp/B00Z0NMFKU/ref=sr_1_197?crid=2M096C61O4MLT&keywords=bags&qid=1688716563&sprefix=ba%2Caps%2C283&sr=8-197,,,,
,,,,,,,,
"Red Lemon Swiss Cut Design 15.6 Inch Smart Laptop Backpack Bag With USB Charging Port, Anti Theft Pocket and Accessories Organiser for Men Women Boys Girls","1,799",4.4 out of 5 stars,"1,003",https://amazon.in//Red-Lemon-Backpack-Accessories-Organiser/dp/B0C2KRH268/ref=sr_1_198?crid=2M096C61O4MLT&keywords=bags&qid=1688716563&sprefix=ba%2Caps%2C283&sr=8-198,,,,
,,,,,,,,
"Puma Unisex-Adult Phase AOP Backpack, Black-Camo Tech AOP, X (7804610)","1,169",,,https://amazon.in//Puma-Unisex-Adult-Backpack-Black-Camo-7804610/dp/B0B33SVKHK/ref=sr_1_199?crid=2M096C61O4MLT&keywords=bags&qid=1688716563&sprefix=ba%2Caps%2C283&sr=8-199,,,,
,,,,,,,,
Half Moon 30L Water Resistant 15.6 inch Laptop Bag/Backpack for Men | School Bag for Boys Girls | Office Bag pack for Men/Office Back Packed for Women with Padded Laptop Compartment,599,3.7 out of 5 stars,68,https://amazon.in//Half-Moon-Laptop-Backpack-Polyester/dp/B09CMS3K2S/ref=sr_1_200?crid=2M096C61O4MLT&keywords=bags&qid=1688716563&sprefix=ba%2Caps%2C283&sr=8-200,,,,
,,,,,,,,
ROMOFY PU Gorgeous attractive trendy ladies crossbody women sling bag,199,3.3 out of 5 stars,37,https://amazon.in//ROMOFY-Gorgeous-attractive-trendy-crossbody/dp/B0BW9BKHJZ/ref=sr_1_201?crid=2M096C61O4MLT&keywords=bags&qid=1688716563&sprefix=ba%2Caps%2C283&sr=8-201,,,,
,,,,,,,,
"Fendo Aspire 27L Laptop Bag, Office Bag for Men | Backpack for Men, School Bags for Boys | Water Resistant | Fits up to 15.6 inch Laptop, Macbook | (Grey)",569,4.6 out of 5 stars,16,https://amazon.in//Aspire-Laptop-Backpack-Resistant-Macbook/dp/B0BYSXLVNN/ref=sr_1_202?crid=2M096C61O4MLT&keywords=bags&qid=1688716563&sprefix=ba%2Caps%2C283&sr=8-202,,,,
,,,,,,,,
Wooum Sling Cross Body Travel Office Business Messenger One Side Shoulder Pouch Bag Money Bag for Men and Women,349,4.2 out of 5 stars,635,https://amazon.in//Wooum-Travel-Business-Messenger-Shoulder/dp/B09MWGV9PR/ref=sr_1_203?crid=2M096C61O4MLT&keywords=bags&qid=1688716563&sprefix=ba%2Caps%2C283&sr=8-203,,,,
,,,,,,,,
"Tabelito® NEXA 3O L Water Resistant Laptop/College/Office/School/Travel/Business Bag, Unisex Backpack for Men Women Fits Up to 15.6 Inch Laptop Notebook. (GREY)",399,4.7 out of 5 stars,59,https://amazon.in//Tabelito-NEXA-Backpack-Business-Compartment/dp/B0C2D3YR7T/ref=sr_1_204?crid=2M096C61O4MLT&keywords=bags&qid=1688716563&sprefix=ba%2Caps%2C283&sr=8-204,,,,
,,,,,,,,
"AirCase Office Messenger Sling Bag fits upto 15.6"" Laptop/Macbook, Detachable Shoulder Strap, Waterproof, Shockproof, Carry Handle with Spacious Pockets, For Men & Women, Blue- with Warranty",949,3.9 out of 5 stars,"1,333",https://amazon.in//AirCase-C25-Messenger-Shoulder-Compartments/dp/B07X6DV3VM/ref=sr_1_205?crid=2M096C61O4MLT&keywords=bags&qid=1688716563&sprefix=ba%2Caps%2C283&sr=8-205,,,,
,,,,,,,,
"TRUE HUMAN® Emperor Anti-Theft backpack with combination lock Laptop bag,office bag for Men and Women | College Bags for Girls & Boys (Zyden)",675,3.7 out of 5 stars,"1,152",https://amazon.in//TRUE-HUMAN-Anti-Theft-backpack-combination/dp/B09VCHV6T5/ref=sr_1_206?crid=2M096C61O4MLT&keywords=bags&qid=1688716563&sprefix=ba%2Caps%2C283&sr=8-206,,,,
,,,,,,,,
"Skybags Unisex Polyester Solid Pattern Hustle Df 55 (Orange, Small)","1,670",4.3 out of 5 stars,302,https://amazon.in//SKYBAGS-Unisex-Luggage-Duffel-Bag-DFHUS55ONG/dp/B07F342RQD/ref=sr_1_207?crid=2M096C61O4MLT&keywords=bags&qid=1688716563&sprefix=ba%2Caps%2C283&sr=8-207,,,,
,,,,,,,,
SBCOLLECTION Premium School College Office Laptop Daily Use Backpack for All Day Traveler,239,3.4 out of 5 stars,11,https://amazon.in//SBCOLLECTION-Premium-Water-Resistance-Business-Backpack/dp/B0BXXZY25R/ref=sr_1_208?crid=2M096C61O4MLT&keywords=bags&qid=1688716563&sprefix=ba%2Caps%2C283&sr=8-208,,,,
,,,,,,,,
Wildcraft 29.5 Ltrs Green Casual Backpack (11650-Green),"1,029",4.1 out of 5 stars,383,https://amazon.in//Wildcraft-Green-Casual-Backpack-11650-Green/dp/B079DV66TY/ref=sr_1_209?crid=2M096C61O4MLT&keywords=bags&qid=1688716571&sprefix=ba%2Caps%2C283&sr=8-209,,,,
,,,,,,,,
"Tabelito® NEO 3O L Water Resistant Laptop/College/Office/School/Travel/Business Bag, Unisex Backpack for Men Women Fits Up to 15.6 Inch Laptop Notebook.",399,4.3 out of 5 stars,79,https://amazon.in//Tabelito-NEO-Backpack-Business-Compartment/dp/B0C2D2XC4H/ref=sr_1_210?crid=2M096C61O4MLT&keywords=bags&qid=1688716571&sprefix=ba%2Caps%2C283&sr=8-210,,,,
,,,,,,,,
"Arctic Hunter Mens Sling Bag,Mens Shoulder Bag,Crossbody Bag for Men,Chest Bag,Daypack,Shockproof Compartment for iPad,Suitable for College,Outdoor Travels and Business Daily Use For Men, Black","1,329",4.4 out of 5 stars,481,https://amazon.in//Shoulder-Crossbody-Shockproof-Compartment-k00063-Black/dp/B09HV9QYFB/ref=sr_1_211?crid=2M096C61O4MLT&keywords=bags&qid=1688716571&sprefix=ba%2Caps%2C283&sr=8-211,,,,
,,,,,,,,
"TABELITO Casual Laptop Backpack 15.6-inch, 25 LTR Water Repellent",549,4.2 out of 5 stars,406,https://amazon.in//Tabelito-Laptop-Backpack-15-6-inch-Repellent/dp/B08Y3L4PHK/ref=sr_1_212?crid=2M096C61O4MLT&keywords=bags&qid=1688716571&sprefix=ba%2Caps%2C283&sr=8-212,,,,
,,,,,,,,
"AirCase Laptop Bag Backpack Case Pouch for Laptop Backpack for Men & Women,Premium Vegan Leather",929,4.0 out of 5 stars,"1,069",https://amazon.in//AirCase-C34-Laptop-Backpack-Women/dp/B07QL8633G/ref=sr_1_213?crid=2M096C61O4MLT&keywords=bags&qid=1688716571&sprefix=ba%2Caps%2C283&sr=8-213,,,,
,,,,,,,,
"Puma Unisex-Adult Phase AOP Backpack, Black-Love is Love, X (7804612)",999,4.5 out of 5 stars,2,https://amazon.in//Puma-Unisex-Adult-Backpack-Black-Love-7804612/dp/B0B34CKTJV/ref=sr_1_214?crid=2M096C61O4MLT&keywords=bags&qid=1688716571&sprefix=ba%2Caps%2C283&sr=8-214,,,,
,,,,,,,,
Gear DOUBLE DECKER 31L Water Resistant Laptop Bag/Backpack/Office Bag for Men/Women (Black),"1,359",4.0 out of 5 stars,18,https://amazon.in//Gear-DOUBLE-DECKER-Resistant-Backpack/dp/B0BTJ3WTMV/ref=sr_1_215?crid=2M096C61O4MLT&keywords=bags&qid=1688716571&sprefix=ba%2Caps%2C283&sr=8-215,,,,
,,,,,,,,
"Aurion Vista Polyester Sports Gym Duffle Bag with Wet Pocket and Shoe Compartment - 1Pc (Blue, 24 Cms) | Lightweight Duffle Bags | Travel Duffel Backpack for Men and Women | Camping | Swimming | Yoga",349,4.0 out of 5 stars,"1,073",https://amazon.in//Shoulder-Lightweight-Duffle-Weekend-Blue-Orange/dp/B09139DYF1/ref=sr_1_216?crid=2M096C61O4MLT&keywords=bags&qid=1688716571&sprefix=ba%2Caps%2C283&sr=8-216,,,,
,,,,,,,,
TAGUDA travel foldable portable lightweight luggage storage duffle tote hand organizer easy carry bags backpack set for men women travel luggage (Mint Green Travel bag),299,3.5 out of 5 stars,84,https://amazon.in//TAGUDA-foldable-portable-lightweight-organizer/dp/B0B8CSC4F1/ref=sr_1_217?crid=2M096C61O4MLT&keywords=bags&qid=1688716571&sprefix=ba%2Caps%2C283&sr=8-217,,,,
,,,,,,,,
Lenovo 15.6-inch Casual Laptop Briefcase T210,799,4.3 out of 5 stars,"4,298",https://amazon.in//Lenovo-Carrying-15-6-Inch-Toploader-GX40Q17230/dp/B075Y8294N/ref=sr_1_218?crid=2M096C61O4MLT&keywords=bags&qid=1688716571&sprefix=ba%2Caps%2C283&sr=8-218,,,,
,,,,,,,,
Aristocrat Polyester 28 Cms Travel Bag(DFCAD53ENBL_Navy Blue),899,3.9 out of 5 stars,174,https://amazon.in//Aristocrat-Cadet-Polyester-Luggage-Duffle/dp/B09X74T7BP/ref=sr_1_219?crid=2M096C61O4MLT&keywords=bags&qid=1688716571&sprefix=ba%2Caps%2C283&sr=8-219,,,,
,,,,,,,,
"FUR JADEN 35L Weekender Travel Laptop Backpack Bag with USB Charging Port, Dual Handles, Padded Laptop Compartment","1,499",4.3 out of 5 stars,53,https://amazon.in//FUR-JADEN-Weekender-Backpack-Compartment/dp/B0BZ4XH8H5/ref=sr_1_220?crid=2M096C61O4MLT&keywords=bags&qid=1688716571&sprefix=ba%2Caps%2C283&sr=8-220,,,,
,,,,,,,,
SCUFFLE Thunder 45 L Unisex Waterproof Laptop Backpack Travel Hiking Fits Upto 17.3 inch with Raincover and Backpack Rucksack College Bag,781,3.6 out of 5 stars,9,https://amazon.in//SCUFFLE-Thunder-Backpack-upto17-3inch-Raincover/dp/B0BXLV3GNP/ref=sr_1_221?crid=2M096C61O4MLT&keywords=bags&qid=1688716571&sprefix=ba%2Caps%2C283&sr=8-221,,,,
,,,,,,,,
"Genie Fringe Laptop Backpack for Women, 3 compartments, Stylish and Trendy College Bags for Girls, Water Resistant and Lightweight Bags for Office and Travelling Purpose. 36 litres","1,299",5.0 out of 5 stars,5,https://amazon.in//Genie-compartments-Resistant-Lightweight-Travelling/dp/B097JJ64SH/ref=sr_1_222?crid=2M096C61O4MLT&keywords=bags&qid=1688716571&sprefix=ba%2Caps%2C283&sr=8-222,,,,
,,,,,,,,
Safari Polyester 24 Cms Travel Bag(KRYPTON17DFBLU_Blue),499,3.8 out of 5 stars,38,https://amazon.in//Safari-Polyester-Cms-Travel-KRYPTON17DFBLU_Blue/dp/B097L2RSF1/ref=sr_1_223?crid=2M096C61O4MLT&keywords=bags&qid=1688716571&sprefix=ba%2Caps%2C283&sr=8-223,,,,
,,,,,,,,
"Tabelito® DELTA Casual Waterproof Laptop Backpack/Office Bag/School Bag/College Bag/Business Bag/Unisex Travel Backpack (Compatible with 15.6 inch Laptop) 30 L, (6 Month Warranty)",599,4.4 out of 5 stars,110,https://amazon.in//Tabelito%C2%AE-Delta-Waterproof-Backpack-Compatible/dp/B0BLK2RL23/ref=sr_1_224?crid=2M096C61O4MLT&keywords=bags&qid=1688716571&sprefix=ba%2Caps%2C283&sr=8-224,,,,
,,,,,,,,
"Fendo Aspire 27L Laptop Bag, Office Bag for Men | Backpack for Men, School Bags for Boys | Water Resistant | Fits up to 15.6 inch Laptop, Macbook | (Grey)",569,4.6 out of 5 stars,16,https://amazon.in//Aspire-Laptop-Backpack-Resistant-Macbook/dp/B0BYSXLVNN/ref=sr_1_225?crid=2M096C61O4MLT&keywords=bags&qid=1688716572&sprefix=ba%2Caps%2C283&sr=8-225,,,,
,,,,,,,,
"The Purple Tree Fatty Tote Bag For Women, Women Fatty Tote Bag, Handbag, Women Handbag, Women Bag, Handbag for Women, Women's Tote, Gift For Women A",649,4.0 out of 5 stars,397,https://amazon.in//Purple-Tree-Fatty-Handbag-Womens/dp/B09PQNK66Z/ref=sr_1_226?crid=2M096C61O4MLT&keywords=bags&qid=1688716572&sprefix=ba%2Caps%2C283&sr=8-226,,,,
,,,,,,,,
LAXELLA (15 inch 25 L Casual Waterproof Laptop Backpack/Office Bag/School Bag/College Bag/Business Bag/Unisex Travel Backpack (GY-105),459,5.0 out of 5 stars,1,https://amazon.in//LAXELLA-Waterproof-Backpack-College-Business/dp/B0BT9YT9Y4/ref=sr_1_227?crid=2M096C61O4MLT&keywords=bags&qid=1688716572&sprefix=ba%2Caps%2C283&sr=8-227,,,,
,,,,,,,,
"Tabelito® DELTA Casual Waterproof Laptop Backpack/Office Bag/School Bag/College Bag/Business Bag/Unisex Travel Backpack (Compatible with 15.6 inch Laptop) 30 L, (6 Month Warranty)",599,4.4 out of 5 stars,110,https://amazon.in//Tabelito%C2%AE-Delta-Waterproof-Backpack-Compatible/dp/B0BLK2RL23/ref=sr_1_228?crid=2M096C61O4MLT&keywords=bags&qid=1688716572&sprefix=ba%2Caps%2C283&sr=8-228,,,,
,,,,,,,,
"TABELITO Casual Laptop Backpack 15.6-inch, 25 LTR Water Repellent",549,4.2 out of 5 stars,406,https://amazon.in//Tabelito-Laptop-Backpack-15-6-inch-Repellent/dp/B08Y3L4PHK/ref=sr_1_229?crid=2M096C61O4MLT&keywords=bags&qid=1688716572&sprefix=ba%2Caps%2C283&sr=8-229,,,,
,,,,,,,,
Wooum Sling Cross Body Bag/One Side Bag/Shoulder Bag/Office Business Messenger Bag/Money Bag for Men and Women - Water Resisitance,328,4.0 out of 5 stars,696,https://amazon.in//Wooum-Resisitance-Shoulder-Business-Messenger/dp/B0993Q72WD/ref=sr_1_230?crid=2M096C61O4MLT&keywords=bags&qid=1688716572&sprefix=ba%2Caps%2C283&sr=8-230,,,,
,,,,,,,,
"Palay Waist Bag For Unisex With Adjustable Strap, Waterproof Fanny Pack Stylish Chest Bag Bum Bag With 4-Zipper Pockets For Travel Party Festival Running Hiking",569,4.4 out of 5 stars,765,https://amazon.in//PALAY%C2%AE-Shoulder-4-Zipper-Pockets-Adjustable/dp/B08SWGFBNT/ref=sr_1_231?crid=2M096C61O4MLT&keywords=bags&qid=1688716572&sprefix=ba%2Caps%2C283&sr=8-231,,,,
,,,,,,,,
"Red Lemon Swiss Cut Design 15.6 Inch Smart Laptop Backpack Bag With USB Charging Port, Anti Theft Pocket and Accessories Organiser for Men Women Boys Girls","1,799",4.4 out of 5 stars,"1,003",https://amazon.in//Red-Lemon-Backpack-Accessories-Organiser/dp/B0C2KRH268/ref=sr_1_232?crid=2M096C61O4MLT&keywords=bags&qid=1688716572&sprefix=ba%2Caps%2C283&sr=8-232,,,,
,,,,,,,,
Travalate Travel Duffle Luggage Bag Organizer | Multi Pocket Ultra-Light| Polyester 45 Lt| Men and Women | 21 X 09 X 11 Inch | Grey,948,4.2 out of 5 stars,25,https://amazon.in//Travalate-Luggage-Organizer-Ultra-Light-Polyester/dp/B0BZDLS9VW/ref=sr_1_233?crid=2M096C61O4MLT&keywords=bags&qid=1688716572&sprefix=ba%2Caps%2C283&sr=8-233,,,,
,,,,,,,,
Tabelito® Volt Casual Waterproof Laptop Backpack/Office Bag/School Bag/College Bag/Business Bag/Unisex Bag Travel Bag Compatible with 15.6 inch Laptop 30L Bag for Men and Women - Blue,599,4.7 out of 5 stars,178,https://amazon.in//Tabelito%C2%AE-Waterproof-Backpack-Business-Compatible/dp/B0BML8MB65/ref=sr_1_234?crid=2M096C61O4MLT&keywords=bags&qid=1688716572&sprefix=ba%2Caps%2C283&sr=8-234,,,,
,,,,,,,,
"Large Capacity Folding Travel Bag, Travel Lightweight Waterproof Carry on Luggage Bags, Multifunctional Sports Shoulder Bag, Foldable Travel Duffel Bag (Blue)",479,4.5 out of 5 stars,17,https://amazon.in//Capacity-Lightweight-Waterproof-Multifunctional-Shoulder/dp/B0C24P2HD9/ref=sr_1_235?crid=2M096C61O4MLT&keywords=bags&qid=1688716572&sprefix=ba%2Caps%2C283&sr=8-235,,,,
,,,,,,,,
"Dynotrek 13 14 Upto 15.6"" Inch Laptop Casual Sack-pack Rucksack Travel Backpack With USB Charging Port For Men & Women Waterproof Backpack Suitable for Chromebook DT02SCB",649,3.8 out of 5 stars,"1,141",https://amazon.in//Dynotrek-Sack-pack-Waterproof-Chromebook-DT02SCB/dp/B09DBVBYN4/ref=sr_1_236?crid=2M096C61O4MLT&keywords=bags&qid=1688716572&sprefix=ba%2Caps%2C283&sr=8-236,,,,
,,,,,,,,
F Gear Circadian Guc Black 27 Ltrs Casual Backpack (3330),799,4.2 out of 5 stars,710,https://amazon.in//F-Gear-Circadian-Guc-Black-Casual-Backpack/dp/B084THQXCD/ref=sr_1_237?crid=2M096C61O4MLT&keywords=bags&qid=1688716572&sprefix=ba%2Caps%2C283&sr=8-237,,,,
,,,,,,,,
Skybags Kick Unisex Adjustable Strap Polyester Laptop Backpack,"1,349",4.1 out of 5 stars,45,https://amazon.in//Skybags-Unisex-Adjustable-Polyester-Backpack/dp/B0BJ763F7Y/ref=sr_1_238?crid=2M096C61O4MLT&keywords=bags&qid=1688716572&sprefix=ba%2Caps%2C283&sr=8-238,,,,
,,,,,,,,
"SPENZ BAGS Travel Laptop Backpack for Women & Men|Carry On Bag, College & School Students Bookbag With Raincover",999,4.6 out of 5 stars,100,https://amazon.in//SPENZ-BAGS-Backpack-Raincover-Baby-Pink/dp/B0C3RNFHHV/ref=sr_1_239?crid=2M096C61O4MLT&keywords=bags&qid=1688716572&sprefix=ba%2Caps%2C283&sr=8-239,,,,
,,,,,,,,
"AirCase Laptop Bag Backpack Case Pouch for Laptop Backpack for Men & Women,Premium Vegan Leather",929,4.0 out of 5 stars,"1,069",https://amazon.in//AirCase-C34-Laptop-Backpack-Women/dp/B07QL8633G/ref=sr_1_240?crid=2M096C61O4MLT&keywords=bags&qid=1688716572&sprefix=ba%2Caps%2C283&sr=8-240,,,,
,,,,,,,,
Half Moon Strike 35L Unisex Spacious School/Laptop/College/Office Travel Backpack Bag for Men Women Boys & Girls with 15.6 inch Padded Laptop Compartment & Multiple Pockets,699,3.4 out of 5 stars,15,https://amazon.in//Half-Moon-Spacious-Backpack-Compartment/dp/B0C23BYDML/ref=sr_1_241?crid=2M096C61O4MLT&keywords=bags&qid=1688716574&sprefix=ba%2Caps%2C283&sr=8-241,,,,
,,,,,,,,
"Dynotrek 13 14 Upto 15.6"" Inch Laptop Casual Sack-pack Rucksack Travel Backpack With USB Charging Port For Men & Women Waterproof Backpack Suitable for Chromebook DT02SCB",649,3.8 out of 5 stars,"1,141",https://amazon.in//Dynotrek-Sack-pack-Waterproof-Chromebook-DT02SCB/dp/B09DBVBYN4/ref=sr_1_242?crid=2M096C61O4MLT&keywords=bags&qid=1688716574&sprefix=ba%2Caps%2C283&sr=8-242,,,,
,,,,,,,,
Aristocrat Unisex Black Premium Poleyester Fabric 26L Laptop Bags,669,3.8 out of 5 stars,64,https://amazon.in//Aristocrat-Unisex-Premium-Poleyester-Fabric/dp/B09ZV9MSFQ/ref=sr_1_243?crid=2M096C61O4MLT&keywords=bags&qid=1688716574&sprefix=ba%2Caps%2C283&sr=8-243,,,,
,,,,,,,,
"Dyazo Water Resistant Laptop Sleeve with Handle Compatible for 15 Inch to 15.6"" Inches laptops & Notebooks - Grey",299,4.3 out of 5 stars,"4,171",https://amazon.in//Dyazo-Resistant-Compatible-laptops-Notebooks/dp/B09BFV96TS/ref=sr_1_244?crid=2M096C61O4MLT&keywords=bags&qid=1688716574&sprefix=ba%2Caps%2C283&sr=8-244,,,,
,,,,,,,,
ADISA Women's Girls Party Sling Bag Crossbody,378,3.8 out of 5 stars,123,https://amazon.in//ADISA-Womens-Girls-Party-Crossbody/dp/B0B2WBJ2H8/ref=sr_1_245?crid=2M096C61O4MLT&keywords=bags&qid=1688716574&sprefix=ba%2Caps%2C283&sr=8-245,,,,
,,,,,,,,
COSMUS Vogue Casual Laptop Backpack with USB Charger Port 46cm 26 Litre Maroon College Bag,"1,261",4.2 out of 5 stars,"1,406",https://amazon.in//Cosmus-Casual-Backpack-Charger-College/dp/B09HX54TGF/ref=sr_1_246?crid=2M096C61O4MLT&keywords=bags&qid=1688716574&sprefix=ba%2Caps%2C283&sr=8-246,,,,
,,,,,,,,
"Half Moon 35L Water Resistant 15.6 inch Laptop Bag for Men/Backpack for Men, Black | Office Bag for Men/Office Bag for Women with Padded Laptop Compartment | Rain Cover & Reflective Strips",699,3.9 out of 5 stars,332,https://amazon.in//Half-Moon-Resistant-Laptop-Backpack/dp/B09842K4RQ/ref=sr_1_247?crid=2M096C61O4MLT&keywords=bags&qid=1688716574&sprefix=ba%2Caps%2C283&sr=8-247,,,,
,,,,,,,,
"Puma Unisex-Adult Big Cat Backpack, Fizzy Apple (9018404)",879,3.7 out of 5 stars,8,https://amazon.in//Puma-Unisex-Adult-Backpack-Fizzy-9018404/dp/B0BWF2BNBP/ref=sr_1_248?crid=2M096C61O4MLT&keywords=bags&qid=1688716574&sprefix=ba%2Caps%2C283&sr=8-248,,,,
,,,,,,,,
LAXELLA (15 inch 25 L Casual Waterproof Laptop Backpack/Office Bag/School Bag/College Bag/Business Bag/Unisex Travel Backpack (GY-105),459,5.0 out of 5 stars,1,https://amazon.in//LAXELLA-Waterproof-Backpack-College-Business/dp/B0BT9YT9Y4/ref=sr_1_249?crid=2M096C61O4MLT&keywords=bags&qid=1688716574&sprefix=ba%2Caps%2C283&sr=8-249,,,,
,,,,,,,,
"GREENLANDS 42 Litres Quad Backpack/Bag with Rain Cover for Travel, Upto 17” Laptop, School/College and Work Lightweight and Stylish Bag Men and Women- Light Grey","1,742",3.8 out of 5 stars,96,https://amazon.in//GreenLands-SG-Backpack-QUAD-L-Grey/dp/B08ML7RWG6/ref=sr_1_250?crid=2M096C61O4MLT&keywords=bags&qid=1688716574&sprefix=ba%2Caps%2C283&sr=8-250,,,,
,,,,,,,,
"Wooum Polyester 23 cms Gym Bag Sport Outdoor Bag, Shoulder Bag Side Bag with Separate Shoes Compartment Water Resistance - Dark Grey",418,4.2 out of 5 stars,511,https://amazon.in//Resistant-Duffle-Shoulder-Separate-Compartment/dp/B09KVBSG61/ref=sr_1_251?crid=2M096C61O4MLT&keywords=bags&qid=1688716574&sprefix=ba%2Caps%2C283&sr=8-251,,,,
,,,,,,,,
Wooum Sling Cross Body Bag/One Side Bag/Shoulder Bag/Office Business Messenger Bag/Money Bag for Men and Women - Water Resisitance,328,4.0 out of 5 stars,696,https://amazon.in//Wooum-Resisitance-Shoulder-Business-Messenger/dp/B0993Q72WD/ref=sr_1_252?crid=2M096C61O4MLT&keywords=bags&qid=1688716574&sprefix=ba%2Caps%2C283&sr=8-252,,,,
,,,,,,,,
American Tourister SPIN LAPTOP BACKPACK 28L POLYESTER BLACK,"1,399",3.4 out of 5 stars,25,https://amazon.in//American-Tourister-LAPTOP-BACKPACK-POLYESTER/dp/B0BLCXMTZ7/ref=sr_1_253?crid=2M096C61O4MLT&keywords=bags&qid=1688716574&sprefix=ba%2Caps%2C283&sr=8-253,,,,
,,,,,,,,
"FATMUG Sports Duffel Gym Bag for Men, Women with Wet Pocket and Shoe Compartment (Light Grey 32L)","1,099",4.4 out of 5 stars,232,https://amazon.in//FATMUG-Compartment-Shoulder-Training-Overnight/dp/B08PC3FZWV/ref=sr_1_254?crid=2M096C61O4MLT&keywords=bags&qid=1688716574&sprefix=ba%2Caps%2C283&sr=8-254,,,,
,,,,,,,,
"Tommy Hilfiger Nashville Black Overnighter for Travel - 51Ltrs, 15 Inch Laptop Capacity 4 Wheel Trolley Bag","3,499",5.0 out of 5 stars,1,https://amazon.in//Tommy-Hilfiger-Nashville-Overnighter-Travel/dp/B0C3ZQBRT3/ref=sr_1_255?crid=2M096C61O4MLT&keywords=bags&qid=1688716574&sprefix=ba%2Caps%2C283&sr=8-255,,,,
,,,,,,,,
Half Moon 35 L Casual Waterproof Laptop Bag/Backpack for Men Women Boys Girls/Office School College Teens & Students with Rain Cover (18 Inch) (Sky Blue),699,3.6 out of 5 stars,75,https://amazon.in//Half-Moon-Waterproof-Backpack-Students/dp/B0BQFVH29F/ref=sr_1_256?crid=2M096C61O4MLT&keywords=bags&qid=1688716574&sprefix=ba%2Caps%2C283&sr=8-256,,,,
,,,,,,,,
"SPENZ BAGS Travel Laptop Backpack for Women & Men|Carry On Bag, College & School Students Bookbag With Raincover",999,4.6 out of 5 stars,100,https://amazon.in//SPENZ-BAGS-Backpack-Raincover-Dark-Blue/dp/B0C3RJP6ZM/ref=sr_1_257?crid=2M096C61O4MLT&keywords=bags&qid=1688716576&sprefix=ba%2Caps%2C283&sr=8-257,,,,
,,,,,,,,
"House of Quirk Electronics Accessories Organizer Bag, Universal Carry Travel Gadget Bag for Cables, Plug and More, Perfect Size Fits for Pad Phone Charger Hard Disk - Dark Blue",479,4.2 out of 5 stars,"1,361",https://amazon.in//House-Quirk-Electronics-Accessories-Organizer/dp/B07MMGBD1J/ref=sr_1_258?crid=2M096C61O4MLT&keywords=bags&qid=1688716576&sprefix=ba%2Caps%2C283&sr=8-258,,,,
,,,,,,,,
"Tabelito® NEXA 3O L Water Resistant Laptop/College/Office/School/Travel/Business Bag, Unisex Backpack for Men Women Fits Up to 15.6 Inch Laptop Notebook. (GREY)",399,4.7 out of 5 stars,59,https://amazon.in//Tabelito-NEXA-Backpack-Business-Compartment/dp/B0C2D3YR7T/ref=sr_1_259?crid=2M096C61O4MLT&keywords=bags&qid=1688716576&sprefix=ba%2Caps%2C283&sr=8-259,,,,
,,,,,,,,
FATMUG Laptop Bag For Men - Convertible Backpack For Office And Travel (Navy Blue Oxford Fabric),"1,599",4.4 out of 5 stars,"2,084",https://amazon.in//FATMUG-Laptop-Bag-Men-Convertible/dp/B084LFS4G1/ref=sr_1_260?crid=2M096C61O4MLT&keywords=bags&qid=1688716576&sprefix=ba%2Caps%2C283&sr=8-260,,,,
,,,,,,,,
"Puma Unisex-Adult Phase AOP Backpack, Black-Love is Love, X (7804612)",999,4.5 out of 5 stars,2,https://amazon.in//Puma-Unisex-Adult-Backpack-Black-Love-7804612/dp/B0B34CKTJV/ref=sr_1_261?crid=2M096C61O4MLT&keywords=bags&qid=1688716576&sprefix=ba%2Caps%2C283&sr=8-261,,,,
,,,,,,,,
ADISA Backpack Office Bag College Travel Back Pack 32 Ltrs (Navy Blue),499,4.1 out of 5 stars,192,https://amazon.in//ADISA-Backpack-Office-College-Travel/dp/B09Y8FMDVB/ref=sr_1_262?crid=2M096C61O4MLT&keywords=bags&qid=1688716576&sprefix=ba%2Caps%2C283&sr=8-262,,,,
,,,,,,,,
SBCOLLECTION Premium School College Office Laptop Daily Use Backpack for All Day Traveler,239,3.4 out of 5 stars,11,https://amazon.in//SBCOLLECTION-Premium-Water-Resistance-Business-Backpack/dp/B0BXXZY25R/ref=sr_1_263?crid=2M096C61O4MLT&keywords=bags&qid=1688716576&sprefix=ba%2Caps%2C283&sr=8-263,,,,
,,,,,,,,
"BEAUTY GIRLS 1531 Polyester Waterproof 30 L Floral Printed School, College Tuition Laptop Backpack Bag for Girls & Women",849,4.2 out of 5 stars,"1,525",https://amazon.in//BEAUTY-GIRLS-1531-Pink-Waterproof-Backpack/dp/B08YR3JJ64/ref=sr_1_264?crid=2M096C61O4MLT&keywords=bags&qid=1688716576&sprefix=ba%2Caps%2C283&sr=8-264,,,,
,,,,,,,,
Tommy Hilfiger Joshua 15 inch 21 Ltrs Light Grey Laptop Backpack,"1,919",4.3 out of 5 stars,82,https://amazon.in//Hilfiger-Joshua-Backpack-TH-JOSHUALAP07/dp/B07N8G742J/ref=sr_1_265?crid=2M096C61O4MLT&keywords=bags&qid=1688716576&sprefix=ba%2Caps%2C283&sr=8-265,,,,
,,,,,,,,
Gear Classic 20L Faux Leather Water Resistant Anti Theft Laptop Bag/Backpack for Men/Women-Black,981,4.4 out of 5 stars,"2,692",https://amazon.in//Gear-Classic-Leather-Backpack-LBPCLSLTH0101/dp/B07G4D13LB/ref=sr_1_266?crid=2M096C61O4MLT&keywords=bags&qid=1688716576&sprefix=ba%2Caps%2C283&sr=8-266,,,,
,,,,,,,,
Xelvix Cosmetic Organizer Bag Makeup Pouch For Women Travel Toiletry Bag for Cosmetics Brushes Accessories Waterproof Zippered Cosmetic Bag Portable Carry Pouch (Pink),349,4.3 out of 5 stars,287,https://amazon.in//Xelvix-Organizer-Cosmetics-Accessories-Waterproof/dp/B0B8VJKHY2/ref=sr_1_267?crid=2M096C61O4MLT&keywords=bags&qid=1688716576&sprefix=ba%2Caps%2C283&sr=8-267,,,,
,,,,,,,,
M MEDLER Epoch Nylon 55 litres Waterproof Strolley Duffle Bag- 2 Wheels - Luggage Bag - (Wine),499,3.5 out of 5 stars,"25,012",https://amazon.in//MEDLER-Expandable-Duffel-Trolley-Medium/dp/B07MWCZNLN/ref=sr_1_268?crid=2M096C61O4MLT&keywords=bags&qid=1688716576&sprefix=ba%2Caps%2C283&sr=8-268,,,,
,,,,,,,,
"Tabelito® NEO 3O L Water Resistant Laptop/College/Office/School/Travel/Business Bag, Unisex Backpack for Men Women Fits Up to 15.6 Inch Laptop Notebook.",399,4.3 out of 5 stars,79,https://amazon.in//Tabelito-NEO-Backpack-Business-Compartment/dp/B0C2D2Q52R/ref=sr_1_269?crid=2M096C61O4MLT&keywords=bags&qid=1688716576&sprefix=ba%2Caps%2C283&sr=8-269,,,,
,,,,,,,,
motherly Diaper Bags for Mom Travel Basic Edition (Navy Blue),"1,449",4.5 out of 5 stars,"2,538",https://amazon.in//Motherly-Diaper-Bags-Travel-Basic/dp/B07PKQ3WJZ/ref=sr_1_270?crid=2M096C61O4MLT&keywords=bags&qid=1688716576&sprefix=ba%2Caps%2C283&sr=8-270,,,,
,,,,,,,,
Gear Superior 16L Water Resistant School Bag//Backpack/College Bag for Men/Women - Orange Black,341,3.9 out of 5 stars,"1,783",https://amazon.in//Gear-Superior-Backpack-Orange-Black-BKPSPRIOR0601/dp/B08D76PV8B/ref=sr_1_271?crid=2M096C61O4MLT&keywords=bags&qid=1688716576&sprefix=ba%2Caps%2C283&sr=8-271,,,,
,,,,,,,,
Gear Campus8 25L Water Resistant School Bag/Backpack/College Bag for Men/Women - Green Grey,675,4.1 out of 5 stars,"1,208",https://amazon.in//Gear-Classic-Casual-Backpack-BKPCAMPS80304/dp/B019FBEJCO/ref=sr_1_272?crid=2M096C61O4MLT&keywords=bags&qid=1688716576&sprefix=ba%2Caps%2C283&sr=8-272,,,,
,,,,,,,,
"FUR JADEN 15.6 Inch Laptop Backpack 25 LTR Bag for School, College and Office with USB Charging Port Unisex Backpack",499,3.9 out of 5 stars,"10,260",https://amazon.in//Fur-Jaden-Charging-Waterproof-BM36_BlackBlue/dp/B07MXL9KYG/ref=sr_1_273?crid=2M096C61O4MLT&keywords=bags&qid=1688716579&sprefix=ba%2Caps%2C283&sr=8-273,,,,
,,,,,,,,
"Storite Canvas Sling Cross Body Travel Office Business Messenger One Side Shoulder Bag for Men & Women (Grey, 33cm x 6.5cm x 27cm)",899,4.0 out of 5 stars,"2,360",https://amazon.in//Storite-Canvas-Business-Messenger-Bag/dp/B09DYTDSY6/ref=sr_1_274?crid=2M096C61O4MLT&keywords=bags&qid=1688716579&sprefix=ba%2Caps%2C283&sr=8-274,,,,
,,,,,,,,
"Tabelito® NEXA 3O L Water Resistant Laptop/College/Office/School/Travel/Business Bag, Unisex Backpack for Men Women Fits Up to 15.6 Inch Laptop Notebook. (GREY)",399,4.7 out of 5 stars,59,https://amazon.in//Tabelito-NEXA-Backpack-Business-Compartment/dp/B0C2D3YR7T/ref=sr_1_275?crid=2M096C61O4MLT&keywords=bags&qid=1688716579&sprefix=ba%2Caps%2C283&sr=8-275,,,,
,,,,,,,,
FATMUG Laptop Bag For Men - Convertible Backpack For Office And Travel (Navy Blue Oxford Fabric),"1,599",4.4 out of 5 stars,"2,084",https://amazon.in//FATMUG-Laptop-Bag-Men-Convertible/dp/B084LFS4G1/ref=sr_1_276?crid=2M096C61O4MLT&keywords=bags&qid=1688716579&sprefix=ba%2Caps%2C283&sr=8-276,,,,
,,,,,,,,
SBCOLLECTION Premium School College Office Laptop Daily Use Backpack for All Day Traveler,239,3.4 out of 5 stars,11,https://amazon.in//SBCOLLECTION-Premium-Water-Resistance-Business-Backpack/dp/B0BXXZY25R/ref=sr_1_277?crid=2M096C61O4MLT&keywords=bags&qid=1688716579&sprefix=ba%2Caps%2C283&sr=8-277,,,,
,,,,,,,,
"Puma Unisex-Adult Big Cat Backpack, Fizzy Apple (9018404)",879,3.7 out of 5 stars,8,https://amazon.in//Puma-Unisex-Adult-Backpack-Fizzy-9018404/dp/B0BWF2BNBP/ref=sr_1_278?crid=2M096C61O4MLT&keywords=bags&qid=1688716579&sprefix=ba%2Caps%2C283&sr=8-278,,,,
,,,,,,,,
Tommy Hilfiger Joshua 15 inch 21 Ltrs Light Grey Laptop Backpack,"1,919",4.3 out of 5 stars,82,https://amazon.in//Hilfiger-Joshua-Backpack-TH-JOSHUALAP07/dp/B07N8G742J/ref=sr_1_279?crid=2M096C61O4MLT&keywords=bags&qid=1688716579&sprefix=ba%2Caps%2C283&sr=8-279,,,,
,,,,,,,,
KDR Duffel Bag for Travel | Packing Bags for Travelling | Large Capacity Folding Lightweight | Waterproof Carry Luggage Bag (Mint Green),149,2.8 out of 5 stars,11,https://amazon.in//Duffel-Bag-Travelling-Lightweight-Waterproof/dp/B0BZT17QBL/ref=sr_1_280?crid=2M096C61O4MLT&keywords=bags&qid=1688716579&sprefix=ba%2Caps%2C283&sr=8-280,,,,
,,,,,,,,
Xelvix Cosmetic Organizer Bag Makeup Pouch For Women Travel Toiletry Bag for Cosmetics Brushes Accessories Waterproof Zippered Cosmetic Bag Portable Carry Pouch (Pink),349,4.3 out of 5 stars,287,https://amazon.in//Xelvix-Organizer-Cosmetics-Accessories-Waterproof/dp/B0B8VJKHY2/ref=sr_1_281?crid=2M096C61O4MLT&keywords=bags&qid=1688716579&sprefix=ba%2Caps%2C283&sr=8-281,,,,
,,,,,,,,
Tommy Hilfiger Planetary Plus Unisex Polyester Overnighter Navy Blue-45 Cms Small Size,"2,999",4.2 out of 5 stars,308,https://amazon.in//Tommy-Hilfiger-Polyester-Luggage-8903496163902_Navy/dp/B0BFLNRR5P/ref=sr_1_282?crid=2M096C61O4MLT&keywords=bags&qid=1688716579&sprefix=ba%2Caps%2C283&sr=8-282,,,,
,,,,,,,,
Tabelito® Laptop Bag For Men and women Briefcase 15.6 Inch (39.6 cm) Messenger Side Shoulder Travel bags for mens Water Resistant gifts office bag for men,549,3.8 out of 5 stars,"1,546",https://amazon.in//Tabelito-Office-Laptop-Briefcase-Women/dp/B08FL584Z4/ref=sr_1_283?crid=2M096C61O4MLT&keywords=bags&qid=1688716579&sprefix=ba%2Caps%2C283&sr=8-283,,,,
,,,,,,,,
Wooum Sling Cross Body Travel Office Business Messenger One Side Shoulder Pouch Bag Money Bag for Men and Women,349,4.2 out of 5 stars,635,https://amazon.in//Wooum-Travel-Business-Messenger-Shoulder/dp/B09MWGV9PR/ref=sr_1_284?crid=2M096C61O4MLT&keywords=bags&qid=1688716579&sprefix=ba%2Caps%2C283&sr=8-284,,,,
,,,,,,,,
"Tabelito® NEO 3O L Water Resistant Laptop/College/Office/School/Travel/Business Bag, Unisex Backpack for Men Women Fits Up to 15.6 Inch Laptop Notebook.",399,4.3 out of 5 stars,79,https://amazon.in//Tabelito-NEO-Backpack-Business-Compartment/dp/B0C2D2Q52R/ref=sr_1_285?crid=2M096C61O4MLT&keywords=bags&qid=1688716579&sprefix=ba%2Caps%2C283&sr=8-285,,,,
,,,,,,,,
ROMOFY PU Gorgeous attractive trendy ladies crossbody women sling bag,199,3.3 out of 5 stars,37,https://amazon.in//ROMOFY-Gorgeous-attractive-trendy-crossbody/dp/B0BW9BKHJZ/ref=sr_1_286?crid=2M096C61O4MLT&keywords=bags&qid=1688716579&sprefix=ba%2Caps%2C283&sr=8-286,,,,
,,,,,,,,
motherly Diaper Bags for Mom Travel Basic Edition (Navy Blue),"1,449",4.5 out of 5 stars,"2,538",https://amazon.in//Motherly-Diaper-Bags-Travel-Basic/dp/B07PKQ3WJZ/ref=sr_1_287?crid=2M096C61O4MLT&keywords=bags&qid=1688716579&sprefix=ba%2Caps%2C283&sr=8-287,,,,
,,,,,,,,
Gear Campus8 25L Water Resistant School Bag/Backpack/College Bag for Men/Women - Green Grey,675,4.1 out of 5 stars,"1,208",https://amazon.in//Gear-Classic-Casual-Backpack-BKPCAMPS80304/dp/B019FBEJCO/ref=sr_1_288?crid=2M096C61O4MLT&keywords=bags&qid=1688716579&sprefix=ba%2Caps%2C283&sr=8-288,,,,
,,,,,,,,
"Tabelito® NEO 3O L Water Resistant Laptop/College/Office/School/Travel/Business Bag, Unisex Backpack for Men Women Fits Up to 15.6 Inch Laptop Notebook.",399,4.3 out of 5 stars,79,https://amazon.in//Tabelito-NEO-Backpack-Business-Compartment/dp/B0C2D2Q52R/ref=sr_1_289?crid=2M096C61O4MLT&keywords=bags&qid=1688716581&sprefix=ba%2Caps%2C283&sr=8-289,,,,
,,,,,,,,
"uppercase Medium 17 Ltrs Vegan Leather (upto 14 inch) Laptop Backpack 2300EBP1 3x more water resistant sustainable bags with rain proof zippers for Men, Women, Boys and Girls, 750 Days warranty","1,600",4.1 out of 5 stars,480,https://amazon.in//uppercase-Backpack-2300EBP1-repellent-sustainable/dp/B0B69M182Q/ref=sr_1_290?crid=2M096C61O4MLT&keywords=bags&qid=1688716581&sprefix=ba%2Caps%2C283&sr=8-290,,,,
,,,,,,,,
"Wooum Sports Gym Bag,Travel Duffel Bag with Shoes Compartment for Men Women, 43x29x28 Cm Approx 35L, Lightweight - Grey",388,4.5 out of 5 stars,20,https://amazon.in//Wooum-Sports-Compartment-43x29x28-Lightweight/dp/B0BLCPGB6B/ref=sr_1_291?crid=2M096C61O4MLT&keywords=bags&qid=1688716581&sprefix=ba%2Caps%2C283&sr=8-291,,,,
,,,,,,,,
Denim Multiorganizer Backpack Compatible with 15.6 inch laptop,485,3.1 out of 5 stars,13,https://amazon.in//Denim-Multiorganizer-Backpack-Compatible-laptop/dp/B0BVK8Z7Z3/ref=sr_1_292?crid=2M096C61O4MLT&keywords=bags&qid=1688716581&sprefix=ba%2Caps%2C283&sr=8-292,,,,
,,,,,,,,
TAGUDA travel foldable portable lightweight luggage storage duffle tote hand organizer easy carry bags backpack set for men women travel luggage (Mint Green Travel bag),299,3.5 out of 5 stars,84,https://amazon.in//TAGUDA-foldable-portable-lightweight-organizer/dp/B0B8CSC4F1/ref=sr_1_293?crid=2M096C61O4MLT&keywords=bags&qid=1688716581&sprefix=ba%2Caps%2C283&sr=8-293,,,,
,,,,,,,,
Lunar's Comet 35L Water Resistant Travel Bagpack/College Backpack/School Bag/Office Bag/Business Backpack/Daypack for Men and Women with 1 Year Warranty,799,4.0 out of 5 stars,"13,467",https://amazon.in//Lunars-Comet-Resistant-Casual-Backpack/dp/B06ZY6FKGB/ref=sr_1_294?crid=2M096C61O4MLT&keywords=bags&qid=1688716581&sprefix=ba%2Caps%2C283&sr=8-294,,,,
,,,,,,,,
Gear Superior 16L Water Resistant School Bag//Backpack/College Bag for Men/Women - Orange Black,341,3.9 out of 5 stars,"1,783",https://amazon.in//Gear-Superior-Backpack-Orange-Black-BKPSPRIOR0601/dp/B08D76PV8B/ref=sr_1_295?crid=2M096C61O4MLT&keywords=bags&qid=1688716581&sprefix=ba%2Caps%2C283&sr=8-295,,,,
,,,,,,,,
"SPENZ BAGS Travel Laptop Backpack for Women & Men|Carry On Bag, College & School Students Bookbag With Raincover",999,4.6 out of 5 stars,100,https://amazon.in//SPENZ-BAGS-Backpack-Raincover-Baby-Pink/dp/B0C3RNFHHV/ref=sr_1_296?crid=2M096C61O4MLT&keywords=bags&qid=1688716581&sprefix=ba%2Caps%2C283&sr=8-296,,,,
,,,,,,,,
Wildcraft 35 Ltrs 18.5 cms Backpack (11911 Grey_Grey),"1,294",4.3 out of 5 stars,189,https://amazon.in//Wildcraft-Solid-Backpack-Grey-11911/dp/B07N1CM9QS/ref=sr_1_297?crid=2M096C61O4MLT&keywords=bags&qid=1688716581&sprefix=ba%2Caps%2C283&sr=8-297,,,,
,,,,,,,,
Wildcraft 45 Ltrs Black Rucksack (8903338073840),"1,743",4.3 out of 5 stars,"1,070",https://amazon.in//Wildcraft-Ltrs-Black-Rucksack-8903338073840/dp/B01G5I8VDS/ref=sr_1_298_mod_primary_new?crid=2M096C61O4MLT&keywords=bags&qid=1688716581&sbo=RZvfv%2F%2FHxDF%2BO5021pAnSA%3D%3D&sprefix=ba%2Caps%2C283&sr=8-298,,,,
,,,,,,,,
Szeentp DEEMOM Polyester 15 L Blue School Bag with Laptop Compartment (Black),299,3.4 out of 5 stars,17,https://amazon.in//DEEMOM-Polyester-School-Laptop-Compartment/dp/B084YQBDQX/ref=sr_1_299?crid=2M096C61O4MLT&keywords=bags&qid=1688716581&sprefix=ba%2Caps%2C283&sr=8-299,,,,
,,,,,,,,
Wildcraft 35 Litres Backpack (11908-Pink_ Pink),"1,249",4.1 out of 5 stars,196,https://amazon.in//Wildcraft-Litres-Backpack-11908-Pink_-Pink/dp/B083ZS5R1K/ref=sr_1_300_mod_primary_new?crid=2M096C61O4MLT&keywords=bags&qid=1688716581&sbo=RZvfv%2F%2FHxDF%2BO5021pAnSA%3D%3D&sprefix=ba%2Caps%2C283&sr=8-300,,,,
,,,,,,,,
"Tabelito® HEXA 35 L Water Resistant Laptop/College/Office/School/Travel/Business Bag, Unisex Backpack for Men Women Fits Up to 15.6 Inch Laptop Notebook",599,4.7 out of 5 stars,159,https://amazon.in//Tabelito%C2%AE-Resistant-Business-Backpack-Notebook/dp/B0BSQTVGVR/ref=sr_1_301?crid=2M096C61O4MLT&keywords=bags&qid=1688716581&sprefix=ba%2Caps%2C283&sr=8-301,,,,
,,,,,,,,
TRAWOC 80L Travel Backpack for Outdoor Sport Camp Hiking Trekking Bag Camping Rucksack HK007 (PARENT) 1 Year Warranty,"2,332",4.4 out of 5 stars,"7,340",https://amazon.in//TRAWOC-Backpack-Trekking-Rucksack-Warranty/dp/B0847PGZZM/ref=sr_1_302?crid=2M096C61O4MLT&keywords=bags&qid=1688716581&sprefix=ba%2Caps%2C283&sr=8-302,,,,
,,,,,,,,
Skybags Network Pro 26L Unisex Blue Laptop Bags,,3.7 out of 5 stars,83,https://amazon.in//Skybags-Network-Unisex-Blue-Laptop/dp/B0B4DTMVXY/ref=sr_1_303?crid=2M096C61O4MLT&keywords=bags&qid=1688716581&sprefix=ba%2Caps%2C283&sr=8-303,,,,
,,,,,,,,
"Puma Unisex-Adult Big Cat Backpack, Fizzy Apple (9018404)",879,3.7 out of 5 stars,8,https://amazon.in//Puma-Unisex-Adult-Backpack-Fizzy-9018404/dp/B0BWF2BNBP/ref=sr_1_304?crid=2M096C61O4MLT&keywords=bags&qid=1688716581&sprefix=ba%2Caps%2C283&sr=8-304,,,,
,,,,,,,,
Skybags Riddle Pink 46 Cms Casual Backpack with Raincover,"1,018",4.4 out of 5 stars,52,https://amazon.in//Skybags-Riddle-Casual-Backpack-Raincover/dp/B08Z1MSF5P/ref=sr_1_305?crid=2M096C61O4MLT&keywords=bags&qid=1688716583&sprefix=ba%2Caps%2C283&sr=8-305,,,,
,,,,,,,,
"SPENZ BAGS Travel Laptop Backpack for Women & Men|Carry On Bag, College & School Students Bookbag With Raincover",999,4.6 out of 5 stars,100,https://amazon.in//SPENZ-BAGS-Backpack-Raincover-Dark-Blue/dp/B0C3RJP6ZM/ref=sr_1_306?crid=2M096C61O4MLT&keywords=bags&qid=1688716583&sprefix=ba%2Caps%2C283&sr=8-306,,,,
